{"0":{"":null},"1":{"":null},"EffectGroupName":"Luxiya_Attack51_3","EffectMesh":{"0":{"BillBoard":false,"Bloom":false,"Collider":true,"Color_Force":[0.0,0.0,0.0,0.0],"Color_Speed":[0.0,0.0,0.0,0.0],"Damage":37.0,"Follow_Transform":false,"Force":[0.0,0.0,0.0,0.0],"Glow":true,"Glow_Color_Force":[0.0,0.0,0.0,0.0],"Glow_Color_Speed":[0.0,0.0,0.0,0.0],"HitFreq":0.0,"Hit_Type":0,"Init_Time":0.0,"Life_Time":0.20000000298023224,"Max_Color":[999.0,999.0,999.0,1.0],"Max_Rotation":[0.0,0.0,0.0,0.0],"Max_Scale":[999.0,999.0,999.0,0.0],"Max_Speed":[0.0,0.0,0.0,0.0],"Max_UV":[-0.25,100.0,0.0,0.0],"Name":"FxR3LuxiyaAttack41_1","Rotation_Force":[0.0,0.0,0.0,0.0],"Rotation_Speed":[0.0,0.0,0.0,0.0],"Scale_Force":[0.0,0.0,0.0,0.0],"Scale_Speed":[0.0,0.0,0.0,0.0],"Speed":[0.0,0.0,0.0,0.0],"Start_Color":[1.0,1.0,1.0,1.0],"Start_Glow_Color":[1.0,0.20000000298023224,0.20000000298023224,0.5],"Start_Position":[0.0,1.0,3.200000047683716,0.0],"Start_Rotation":[6.260000228881836,0.0,-2.549999952316284,0.0],"Start_Scale":[3.0,3.0,3.0,0.0],"Start_UV":[-1.0,0.0,0.0,0.0],"Sync_Animation":false,"Sync_AnimationKey":46,"Sync_Transform":true,"UV_Clamp":true,"UV_Force":[0.0,0.0,0.0,0.0],"UV_Mask_Index":8,"UV_Speed":[4.599999904632568,0.0,0.0,0.0],"Use_Model_Diffuse_Map":false,"Weapon_LifeTime":0.15000000596046448,"Weapon_Offset":[0.0,0.0,7.199999809265137,0.0],"Weapon_Scale":15.0},"1":{"BillBoard":false,"Bloom":false,"Collider":false,"Color_Force":[0.0,0.0,0.0,0.0],"Color_Speed":[0.0,0.0,0.0,-3.0],"Damage":0.0,"Follow_Transform":false,"Force":[0.0,0.0,0.0,0.0],"Glow":false,"Glow_Color_Force":[0.0,0.0,0.0,0.0],"Glow_Color_Speed":[0.0,0.0,0.0,0.0],"HitFreq":0.0,"Hit_Type":0,"Init_Time":0.30000001192092896,"Life_Time":1.0,"Max_Color":[1.0,1.0,1.0,1.0],"Max_Rotation":[0.0,0.0,0.0,0.0],"Max_Scale":[999.0,999.0,999.0,0.0],"Max_Speed":[0.0,0.0,0.0,0.0],"Max_UV":[-0.25,100.0,0.0,0.0],"Name":"FxR3LuxiyaAttack41_1","Rotation_Force":[0.0,0.0,0.0,0.0],"Rotation_Speed":[0.0,0.0,0.0,0.0],"Scale_Force":[0.0,0.0,0.0,0.0],"Scale_Speed":[0.0,0.0,0.0,0.0],"Speed":[0.0,0.0,0.0,0.0],"Start_Color":[0.0,0.0,0.0,1.0],"Start_Glow_Color":[0.0,0.0,0.0,0.0],"Start_Position":[0.0,1.0,3.200000047683716,0.0],"Start_Rotation":[6.260000228881836,0.0,-2.549999952316284,0.0],"Start_Scale":[3.0,3.0,3.0,0.0],"Start_UV":[-0.20000000298023224,0.0,0.0,0.0],"Sync_Animation":false,"Sync_AnimationKey":46,"Sync_Transform":false,"UV_Clamp":true,"UV_Force":[0.0,0.0,0.0,0.0],"UV_Mask_Index":8,"UV_Speed":[3.0,0.0,0.0,0.0],"Use_Model_Diffuse_Map":false,"Weapon_LifeTime":0.0,"Weapon_Offset":[0.0,0.0,0.0,0.0],"Weapon_Scale":0.0}},"EffectMeshCount":2,"EffectParticleCount":0}
