{"0":{"":null},"EffectGroupName":"Luxiya_Attack51_6","EffectMesh":{"0":{"BillBoard":false,"Bloom":false,"Collider":true,"Color_Force":[0.0,0.0,0.0,0.0],"Color_Speed":[0.0,0.0,0.0,-3.0],"Damage":72.0,"Follow_Transform":false,"Force":[0.0,0.0,0.0,0.0],"Glow":true,"Glow_Color_Force":[0.0,0.0,0.0,0.0],"Glow_Color_Speed":[0.0,0.0,0.0,0.0],"HitFreq":0.0,"Hit_Type":2,"Init_Time":0.0,"Life_Time":1.0,"Max_Color":[1.0,1.0,1.0,1.0],"Max_Rotation":[0.0,0.0,0.0,0.0],"Max_Scale":[999.0,999.0,999.0,0.0],"Max_Speed":[0.0,0.0,0.0,0.0],"Max_UV":[100.0,100.0,0.0,0.0],"Name":"FxR3LuxiyaAttack41_1","Rotation_Force":[0.0,0.0,0.0,0.0],"Rotation_Speed":[0.0,0.0,0.0,0.0],"Scale_Force":[0.0,0.0,0.0,0.0],"Scale_Speed":[0.0,0.0,0.0,0.0],"Speed":[0.0,0.0,0.0,0.0],"Start_Color":[0.0,0.0,0.0,1.0],"Start_Glow_Color":[1.0,0.20000000298023224,0.20000000298023224,1.0],"Start_Position":[0.0,1.0,3.0,0.0],"Start_Rotation":[6.260000228881836,0.0,-0.7799999713897705,0.0],"Start_Scale":[5.0,5.0,5.0,0.0],"Start_UV":[-0.20000000298023224,0.0,0.0,0.0],"Sync_Animation":false,"Sync_AnimationKey":92,"Sync_Transform":true,"UV_Clamp":true,"UV_Force":[0.0,0.0,0.0,0.0],"UV_Mask_Index":8,"UV_Speed":[4.599999904632568,0.0,0.0,0.0],"Use_Model_Diffuse_Map":false,"Weapon_LifeTime":0.10000000149011612,"Weapon_Offset":[0.0,0.0,6.949999809265137,0.0],"Weapon_Scale":20.0}},"EffectMeshCount":1,"EffectParticleCount":0}
