{
  "GameObject": [
    {
      "Component": {
        "Transform": [
          [ 1.0, 0.0, -0.0, 0.0 ],
          [ 0.0, 0.7071068286895752, 0.7071068286895752, 0.0 ],
          [ 0.0, -0.7071068286895752, 0.7071068286895752, 0.0 ],
          [ 1.7007851600646973, 13.318399429321289, -13.318399429321289, 1.0 ]
        ]
      },
      "Hash": 8675365520207489377,
      "Name": "class Client::CCamera_Free",
      "Setting": { "Enable": true }
    },
    {
      "Component": {
        "Transform": [
          [ 0.009999999776482582, 0.0, 0.0, 0.0 ],
          [ 0.0, 0.009999999776482582, 2.6941299324789725e-07, 0.0 ],
          [ 0.0, -2.6941299324789725e-07, 0.009999999776482582, 0.0 ],
          [ 0.0, 0.0, 0.0, 1.0 ]
        ]
      },
      "Hash": 15438220394405784524,
      "Name": "class Client::CStatic_Prop",
      "Setting": { "Enable": true }
    }
  ]
}
