{"GameObject":[{"Component":{"Transform":[[0.976581871509552,4.802132025361061e-10,0.2151397317647934,0.0],[-0.0343795083463192,0.9871491193771362,0.15605808794498444,0.0],[-0.2123754322528839,-0.1598011702299118,0.9640329480171204,0.0],[5.34032678604126,6.722087383270264,-11.41091537475586,1.0]]},"Hash":8675365520207489377,"Name":"class Client::CCamera_Free","Setting":{"Enable":true}},{"Component":{"Model":"P_Ladder02_Up","Transform":[[1.0,0.0,0.0,0.0],[0.0,1.0,0.0,0.0],[0.0,0.0,1.0,0.0],[0.0,0.0,0.0,1.0]]},"Hash":8662760939278159895,"MidSize":10,"Name":"class Client::CInteraction_Ladder","Offset":0.800000011920929,"Setting":{"Enable":true}}]}
