{
  "GameObject": [
    {
      "Component": {
        "Transform": [
          [ 0.9845889806747437, -1.1350493878126144e-09, 0.1748783439397812, 0.0 ],
          [ -0.0628642737865448, 0.9331542253494263, 0.3539333641529083, 0.0 ],
          [ -0.16318948566913605, -0.35947325825691223, 0.9187761545181274, 0.0 ],
          [ 12.087297439575195, 7.09660530090332, 2.8684959411621094, 1.0 ]
        ]
      },
      "Hash": 8675365520207489377,
      "Name": "class Client::CCamera_Free",
      "Setting": { "Enable": true }
    },
    {
      "Component": {
        "Transform": [
          [ 1.0, 0.0, 0.0, 0.0 ],
          [ 0.0, 1.0, 0.0, 0.0 ],
          [ 0.0, 0.0, 1.0, 0.0 ],
          [ 0.0, 0.0, 0.0, 1.0 ]
        ]
      },
      "Hash": 3297996505304094455,
      "Name": "class Client::CTerrain",
      "Setting": { "Enable": true }
    },
    {
      "Component": { "Transform": { "": null } },
      "FogDesc": [
        {
          "Color": [ 1.0, 1.0, 1.0, 1.0 ],
          "Range": 50.0,
          "Time" :  6.0
        },
        {
          "Color": [ 0.0, 0.0, 1.0, 1.0 ],
          "Range": 200.0,
          "Time": 6.0
        }
      ],
      "FogSize": 2,
      "Hash": 6775806544075544679,
      "Name": "class Client::CFog",
      "Setting": { "Enable": true }
    }
  ]
}
