{"GameObject":[{"Component":{"Transform":[[0.4641678035259247,5.3551048040390015e-09,-0.8855888247489929,0.0],[0.0958583652973175,0.9940556287765503,0.050250094383955,0.0],[0.8804845809936523,-0.10824061185121536,0.46150097250938416,0.0],[18.484376907348633,7.141601085662842,37.21479034423828,1.0]]},"Hash":8675365520207489377,"Name":"class Client::CCamera_Free","Setting":{"Enable":true}},{"Component":{"Transform":{"":null}},"Hash":15757666174375886015,"ModelCom":"SM_CircusStair01_Top","Name":"class Client::CStatic_Instancing_Prop","PropDesc":{"Prop Matrix (0)":[[0.0,0.0,0.0,0.0],[1.0,1.0,1.0,0.0],[13.937617301940918,0.0,16.920318603515625,0.0],[0.0,0.0,0.0,0.0]],"Prop Matrix (1)":[[0.0,0.0,0.0,0.0],[1.0,1.0,1.0,0.0],[13.818119049072266,0.0,13.676159858703613,0.0],[0.0,0.0,0.0,0.0]],"Prop Matrix (10)":[[0.0,-2.609999179840088,0.0,0.0],[1.0,1.0,1.0,0.0],[16.463672637939453,3.5900001525878906,40.396209716796875,0.0],[0.0,0.0,0.0,0.0]],"Prop Matrix (11)":[[0.0,-4.189996719360352,0.0,0.0],[1.0,1.0,1.0,0.0],[12.280445098876953,3.690000057220459,40.663578033447266,0.0],[0.0,0.0,0.0,0.0]],"Prop Matrix (12)":[[0.0,1.609999418258667,0.0,0.0],[1.0,1.0,1.0,0.0],[10.711769104003906,3.56000018119812,43.22809982299805,0.0],[0.0,0.0,0.0,0.0]],"Prop Matrix (13)":[[0.0,-3.1099987030029297,0.0,0.0],[1.0,1.0,1.0,0.0],[18.419509887695313,3.700000047683716,37.61029815673828,0.0],[0.0,0.0,0.0,0.0]],"Prop Matrix (14)":[[0.0,-3.6399950981140137,0.0,0.0],[1.0,1.0,1.0,0.0],[22.188007354736328,4.019999980926514,38.221221923828125,0.0],[0.0,0.0,0.0,0.0]],"Prop Matrix (15)":[[0.0,1.2000000476837158,0.0,0.0],[1.0,1.0,1.0,0.0],[4.639176368713379,3.869999885559082,40.6021728515625,0.0],[0.0,0.0,0.0,0.0]],"Prop Matrix (16)":[[0.0,0.0,0.0,0.0],[1.0,1.0,1.0,0.0],[14.018465042114258,0.0,20.17662239074707,0.0],[0.0,0.0,0.0,0.0]],"Prop Matrix (17)":[[0.0,-2.6299986839294434,0.0,0.0],[1.0,1.0,1.0,0.0],[10.245977401733398,3.869999885559082,46.50970458984375,0.0],[0.0,0.0,0.0,0.0]],"Prop Matrix (18)":[[0.0,-1.6499996185302734,0.0,0.0],[1.0,1.0,1.0,0.0],[6.110232353210449,3.869999885559082,47.16284942626953,0.0],[0.0,0.0,0.0,0.0]],"Prop Matrix (19)":[[0.0,-1.8199999332427979,0.0,0.0],[1.0,1.0,1.0,0.0],[1.4373857975006104,3.640000104904175,45.502376556396484,0.0],[0.0,0.0,0.0,0.0]],"Prop Matrix (2)":[[0.0,-0.02000003308057785,0.0,0.0],[1.0,1.0,1.0,0.0],[21.768827438354492,3.869999885559082,50.18207931518555,0.0],[0.0,0.0,0.0,0.0]],"Prop Matrix (20)":[[0.0,0.01000005193054676,0.0,0.0],[1.7000000476837158,1.0,1.2000000476837158,0.0],[12.708635330200195,3.869999885559082,36.275691986083984,0.0],[0.0,0.0,0.0,0.0]],"Prop Matrix (21)":[[0.0,0.0,0.0,0.0],[1.0,1.0,1.0,0.0],[24.26171875,0.0,23.323165893554688,0.0],[0.0,0.0,0.0,0.0]],"Prop Matrix (22)":[[0.0,-3.5199971199035645,0.0,0.0],[1.0,1.0,1.0,0.0],[18.05840301513672,3.630000114440918,36.61232376098633,0.0],[0.0,0.0,0.0,0.0]],"Prop Matrix (23)":[[0.0,-0.560001015663147,0.0,0.0],[1.0,1.0,1.0,0.0],[2.9513425827026367,4.090001583099365,47.544822692871094,0.0],[0.0,0.0,0.0,0.0]],"Prop Matrix (24)":[[0.0,0.6600000858306885,0.0,0.0],[1.0,1.0,1.0,0.0],[27.870922088623047,0.0,17.919397354125977,0.0],[0.0,0.0,0.0,0.0]],"Prop Matrix (25)":[[0.0,4.269998550415039,0.0,0.0],[1.0,1.0,1.0,0.0],[30.81023406982422,0.0,18.70305633544922,0.0],[0.0,0.0,0.0,0.0]],"Prop Matrix (26)":[[0.0,5.040001392364502,0.0,0.0],[1.0,1.0,1.0,0.0],[31.121829986572266,0.0,14.998037338256836,0.0],[0.0,0.0,0.0,0.0]],"Prop Matrix (27)":[[0.0,0.40999993681907654,0.0,0.0],[1.0,1.0,1.0,0.0],[28.666152954101563,0.0,11.518226623535156,0.0],[0.0,0.0,0.0,0.0]],"Prop Matrix (28)":[[0.0,0.0,0.0,0.0],[1.0,1.0,1.0,0.0],[14.131999969482422,0.0,23.42606544494629,0.0],[0.0,0.0,0.0,0.0]],"Prop Matrix (29)":[[0.0,0.0,0.0,0.0],[1.0,1.0,1.0,0.0],[19.00505256652832,0.0,16.92361831665039,0.0],[0.0,0.0,0.0,0.0]],"Prop Matrix (3)":[[0.0,-0.02000003308057785,0.0,0.0],[1.0,1.0,1.0,0.0],[17.25843620300293,3.869999885559082,49.71225357055664,0.0],[0.0,0.0,0.0,0.0]],"Prop Matrix (30)":[[0.0,0.0,0.0,0.0],[1.0,1.0,1.0,0.0],[19.112211227416992,0.0,20.113126754760742,0.0],[0.0,0.0,0.0,0.0]],"Prop Matrix (31)":[[0.0,0.0,0.0,0.0],[1.0,1.0,1.0,0.0],[19.211040496826172,0.0,23.360197067260742,0.0],[0.0,0.0,0.0,0.0]],"Prop Matrix (32)":[[0.0,0.6299999356269836,0.0,0.0],[1.0,1.0,1.0,0.0],[27.941709518432617,0.0,21.891775131225586,0.0],[0.0,0.0,0.0,0.0]],"Prop Matrix (33)":[[0.0,0.0,0.0,0.0],[1.0,1.0,1.0,0.0],[24.188928604125977,0.0,20.088014602661133,0.0],[0.0,0.0,0.0,0.0]],"Prop Matrix (34)":[[0.0,0.0,0.0,0.0],[1.0,1.0,1.0,0.0],[23.92022705078125,0.0,16.85941505432129,0.0],[0.0,0.0,0.0,0.0]],"Prop Matrix (35)":[[0.0,-2.609999179840088,0.0,0.0],[1.0,1.0,1.0,0.0],[14.853710174560547,4.089997291564941,38.890174865722656,0.0],[0.0,0.0,0.0,0.0]],"Prop Matrix (36)":[[0.0,2.1999998092651367,0.0,0.0],[1.0,1.0,1.0,0.0],[7.56839656829834,3.699995517730713,43.36666488647461,0.0],[0.0,0.0,0.0,0.0]],"Prop Matrix (37)":[[0.0,-0.02000003308057785,0.0,0.0],[1.0,1.0,1.0,0.0],[16.98653793334961,3.869999885559082,43.685646057128906,0.0],[0.0,0.0,0.0,0.0]],"Prop Matrix (38)":[[0.0,-0.02000003308057785,0.0,0.0],[1.0,1.0,1.0,0.0],[17.27805519104004,3.869999885559082,46.64112091064453,0.0],[0.0,0.0,0.0,0.0]],"Prop Matrix (39)":[[0.0,-1.9200000762939453,0.0,0.0],[1.0,1.0,1.0,0.0],[19.356552124023438,3.869999885559082,39.78474807739258,0.0],[0.0,0.0,0.0,0.0]],"Prop Matrix (4)":[[0.0,0.0,0.0,0.0],[1.0,1.0,1.0,0.0],[18.89897918701172,0.0,13.665409088134766,0.0],[0.0,0.0,0.0,0.0]],"Prop Matrix (40)":[[0.0,-1.9300001859664917,0.0,0.0],[1.0,1.0,1.0,0.0],[21.900127410888672,3.869999885559082,41.942588806152344,0.0],[0.0,0.0,0.0,0.0]],"Prop Matrix (41)":[[0.0,-0.02000003308057785,0.0,0.0],[1.0,1.0,1.0,0.0],[22.292491912841797,3.869999885559082,46.97379684448242,0.0],[0.0,0.0,0.0,0.0]],"Prop Matrix (5)":[[0.0,-0.27000001072883606,0.0,0.0],[1.0,1.0,1.0,0.0],[11.128963470458984,3.7200000286102295,48.94548034667969,0.0],[0.0,0.0,0.0,0.0]],"Prop Matrix (6)":[[0.0,0.7799999713897705,0.0,0.0],[1.0,1.0,1.0,0.0],[9.131587028503418,3.869999885559082,39.876197814941406,0.0],[0.0,0.0,0.0,0.0]],"Prop Matrix (7)":[[0.0,0.8099997043609619,0.0,0.0],[1.0,1.0,1.0,0.0],[4.276572227478027,3.869999885559082,44.48305892944336,0.0],[0.0,0.0,0.0,0.0]],"Prop Matrix (8)":[[0.0,1.9099998474121094,0.0,0.0],[1.0,1.0,1.0,0.0],[27.213558197021484,0.0,13.909163475036621,0.0],[0.0,0.0,0.0,0.0]],"Prop Matrix (9)":[[0.0,0.7199999094009399,0.0,0.0],[1.0,1.0,1.0,0.0],[7.320709705352783,3.640000104904175,37.305580139160156,0.0],[0.0,0.0,0.0,0.0]]},"Setting":{"Enable":true}},{"Component":{"Model":"TEMP_Corvus","Transform":[[1.0,0.0,0.0,0.0],[0.0,1.0,2.6941299438476563e-05,0.0],[0.0,-2.6941299438476563e-05,1.0,0.0],[14.32677936553955,0.40000012516975403,23.234437942504883,1.0]]},"Hash":15438220394405784524,"Name":"class Client::CStatic_Prop","Setting":{"Enable":true}},{"Component":{"Transform":{"":null}},"Hash":15757666174375886015,"ModelCom":"SM_WoodFence04","Name":"class Client::CStatic_Instancing_Prop","PropDesc":{"Prop Matrix (0)":[[0.0,0.0,0.0,0.0],[1.0,1.0,1.0,0.0],[16.516071319580078,0.2500002384185791,24.87208366394043,0.0],[0.0,0.0,0.0,0.0]],"Prop Matrix (1)":[[0.0,0.0,0.0,0.0],[1.0,1.0,1.0,0.0],[19.471939086914063,0.2500002384185791,24.861621856689453,0.0],[0.0,0.0,0.0,0.0]],"Prop Matrix (10)":[[0.0,0.6199998259544373,0.0,0.0],[1.0,1.0,1.0,0.0],[27.58350372314453,0.2500002384185791,24.094301223754883,0.0],[0.0,0.0,0.0,0.0]],"Prop Matrix (11)":[[0.0,0.6599997878074646,0.0,0.0],[1.0,1.0,1.0,0.0],[29.921279907226563,0.2500002384185791,22.34170150756836,0.0],[0.0,0.0,0.0,0.0]],"Prop Matrix (12)":[[0.0,1.0699995756149292,0.0,0.0],[1.0,1.0,1.0,0.0],[31.681446075439453,0.2500002384185791,20.266464233398438,0.0],[0.0,0.0,0.0,0.0]],"Prop Matrix (13)":[[0.0,1.3099995851516724,0.0,0.0],[1.0,1.0,1.0,0.0],[32.72458267211914,0.2500002384185791,17.544466018676758,0.0],[0.0,0.0,0.0,0.0]],