{"GameObject":[{"Component":{"Transform":[[0.031831640750169754,2.7466739993542433e-10,-0.9994893670082092,0.0],[0.6414549350738525,0.7668907642364502,0.020431794226169586,0.0],[0.7665038108825684,-0.6417833566665649,0.02441338263452053,0.0],[-58.156585693359375,43.255821228027344,-31.733779907226563,1.0]]},"Hash":8675365520207489377,"Name":"class Client::CCamera_Free","Setting":{"Enable":true}},{"Collider_Type":0,"Component":{"Transform":{"":null}},"Hash":15757666174375886015,"ModelCom":"P_CircusBalloon01","Name":"class Client::CStatic_Instancing_Prop","PropDesc":{"Prop Matrix (0)":[[0.0,0.0,0.0,0.0],[1.0,1.0,1.0,0.0],[-13.0,6.0,11.0,0.0],[0.0,0.0,0.0,0.0]],"Prop Matrix (1)":[[0.0,0.0,0.0,0.0],[1.0,1.0,1.0,0.0],[-13.0,6.0,14.0,0.0],[0.0,0.0,0.0,0.0]],"Prop Matrix (10)":[[0.0,0.0,0.0,0.0],[1.0,1.0,1.0,0.0],[-22.55548858642578,6.0,-25.841995239257813,0.0],[0.0,0.0,0.0,0.0]],"Prop Matrix (11)":[[0.0,0.0,0.0,0.0],[1.0,1.0,1.0,0.0],[-11.440044403076172,6.0,-23.826351165771484,0.0],[0.0,0.0,0.0,0.0]],"Prop Matrix (12)":[[0.0,0.0,0.0,0.0],[1.0,1.0,1.0,0.0],[3.84136962890625,6.0,-13.669364929199219,0.0],[0.0,0.0,0.0,0.0]],"Prop Matrix (13)":[[0.0,0.0,0.0,0.0],[1.0,1.0,1.0,0.0],[3.1246871948242188,6.0,32.16938400268555,0.0],[0.0,0.0,0.0,0.0]],"Prop Matrix (14)":[[0.0,0.0,0.0,0.0],[1.0,1.0,1.0,0.0],[-9.707084655761719,6.0,41.98587417602539,0.0],[0.0,0.0,0.0,0.0]],"Prop Matrix (15)":[[0.0,0.0,0.0,0.0],[1.0,1.0,1.0,0.0],[-14.457096099853516,6.0,30.928043365478516,0.0],[0.0,0.0,0.0,0.0]],"Prop Matrix (16)":[[0.0,0.0,0.0,0.0],[1.0,1.0,1.0,0.0],[-17.751338958740234,6.0,18.350879669189453,0.0],[0.0,0.0,0.0,0.0]],"Prop Matrix (17)":[[0.0,0.0,0.0,0.0],[1.0,1.0,1.0,0.0],[-26.939502716064453,6.0,4.334144592285156,0.0],[0.0,0.0,0.0,0.0]],"Prop Matrix (18)":[[0.0,0.0,0.0,0.0],[1.0,1.0,1.0,0.0],[-24.01068115234375,6.0,-12.466011047363281,0.0],[0.0,0.0,0.0,0.0]],"Prop Matrix (19)":[[0.0,0.0,0.0,0.0],[1.0,1.0,1.0,0.0],[-17.8443603515625,6.0,-11.341598510742188,0.0],[0.0,0.0,0.0,0.0]],"Prop Matrix (2)":[[0.0,0.0,0.0,0.0],[1.0,1.0,1.0,0.0],[-13.0,6.0,53.0,0.0],[0.0,0.0,0.0,0.0]],"Prop Matrix (3)":[[0.0,0.0,0.0,0.0],[1.0,1.0,1.0,0.0],[-13.0,6.0,-40.0,0.0],[0.0,0.0,0.0,0.0]],"Prop Matrix (4)":[[0.0,0.0,0.0,0.0],[1.0,1.0,1.0,0.0],[-12.170730590820313,6.0,-32.26703643798828,0.0],[0.0,0.0,0.0,0.0]],"Prop Matrix (5)":[[0.0,0.0,0.0,0.0],[1.0,1.0,1.0,0.0],[-17.528564453125,6.0,-16.485166549682617,0.0],[0.0,0.0,0.0,0.0]],"Prop Matrix (6)":[[0.0,0.0,0.0,0.0],[1.0,1.0,1.0,0.0],[-13.950790405273438,6.0,-15.101953506469727,0.0],[0.0,0.0,0.0,0.0]],"Prop Matrix (7)":[[0.0,0.0,0.0,0.0],[1.0,1.0,1.0,0.0],[-8.911357879638672,6.0,-7.695341110229492,0.0],[0.0,0.0,0.0,0.0]],"Prop Matrix (8)":[[0.0,0.0,0.0,0.0],[1.0,1.0,1.0,0.0],[-12.378971099853516,6.0,-3.3618698120117188,0.0],[0.0,0.0,0.0,0.0]],"Prop Matrix (9)":[[0.0,0.0,0.0,0.0],[1.0,1.0,1.0,0.0],[-19.721290588378906,6.0,-1.7019271850585938,0.0],[0.0,0.0,0.0,0.0]]},"Setting":{"Enable":true}}]}
