{
  "GameObject": [
    {
      "Component": {
        "Transform": [
          [ 0.7945787906646729, 6.984919309616089e-10, -0.6071606278419495, 0.0 ],
          [ 0.34434056282043457, 0.8236268758773804, 0.45063167810440063, 0.0 ],
          [ 0.5000728368759155, -0.5671327114105225, 0.6544366478919983, 0.0 ],
          [ 7.431656360626221, 13.092170715332031, -15.712135314941406, 1.0 ]
        ]
      },
      "Hash": 8675365520207489377,
      "Name": "class Client::CCamera_Free",
      "Setting": { "Enable": true }
    },
    {
      "Component": {
        "Transform": [
          [ 1.0, 0.0, 0.0, 0.0 ],
          [ 0.0, 1.0, 0.0, 0.0 ],
          [ 0.0, 0.0, 1.0, 0.0 ],
          [ 0.0, 0.0, 0.0, 1.0 ]
        ]
      },
      "Hash": 3297996505304094455,
      "Name": "class Client::CTerrain",
      "Setting": { "Enable": true }
    },
    {
      "Component": { "Transform": { "": null } },
      "Hash": 15757666174375886015,
      "ModelCom": "Branches_pCube8",
      "Name": "class Client::CStatic_Instancing_Prop",
      "PropDesc": {
        "Prop Matrix (0)": [
          [ 0.0, 0.0, 0.0, 0.0 ],
          [ 1.0, 1.0, 1.0, 0.0 ],
          [ 14.163735389709473, 0.0, 21.10439682006836, 0.0 ],
          [ 0.0, 0.0, 0.0, 0.0 ]
        ],
        "Prop Matrix (1)": [
          [ 0.0, 0.0, 0.0, 0.0 ],
          [ 1.0, 1.0, 1.0, 0.0 ],
          [ 21.492019653320313, 0.0, 38.5443000793457, 0.0 ],
          [ 0.0, 0.0, 0.0, 0.0 ]
        ],
        "Prop Matrix (2)": [
          [ 0.0, 0.0, 0.0, 0.0 ],
          [ 1.0, 1.0, 1.0, 0.0 ],
          [ 5.328086853027344, 0.0, 17.562368392944336, 0.0 ],
          [ 0.0, 0.0, 0.0, 0.0 ]
        ],
        "Prop Matrix (3)": [
          [ 0.0, 0.0, 0.0, 0.0 ],
          [ 1.0, 1.0, 1.0, 0.0 ],
          [ 3.389122486114502, 0.0, 11.831161499023438, 0.0 ],
          [ 0.0, 0.0, 0.0, 0.0 ]
        ],
        "Prop Matrix (4)": [
          [ 0.0, 0.0, 0.0, 0.0 ],
          [ 1.0, 1.0, 1.0, 0.0 ],
          [ 31.144514083862305, 0.0, 33.74690246582031, 0.0 ],
          [ 0.0, 0.0, 0.0, 0.0 ]
        ]
      },
      "Setting": { "Enable": true }
    }
  ]
}
