{"Component":{"Status_Player":{"m_fMaxHP":2000.0,"m_fMaxMP":150.0,"m_fNormalAtk":424.0,"m_fParryingAtk":50.0,"m_fPlagueAtk":200.0,"m_iLevel":219,"m_iMemory":113900,"m_iPlague":1,"m_iStr":134,"m_iVital":86,"m_iWound":474},"Transform":[[-0.016014108434319496,0.0,-0.9998717904090881,0.0],[0.0,1.0,0.0,0.0],[0.9998717904090881,0.0,-0.016014108434319496,0.0],[14.909374237060547,0.37003734707832336,21.116653442382813,1.0]]}}
