{"Component":{"Status_Player":{"m_fMaxHP":2000.0,"m_fMaxMP":150.0,"m_fNormalAtk":424.0,"m_fParryingAtk":50.0,"m_fPlagueAtk":200.0,"m_iLevel":219,"m_iMemory":13900,"m_iPlague":1,"m_iStr":134,"m_iVital":86,"m_iWound":474},"Transform":[[-0.9323269724845886,0.0,0.3616163730621338,0.0],[0.0,1.0,0.0,0.0],[-0.3616163730621338,0.0,-0.9323269724845886,0.0],[15.953042030334473,-1.7882119607293134e-07,19.109153747558594,1.0]]}}
