{"Component":{"Status_Player":{"m_fMaxHP":2000.0,"m_fMaxMP":150.0,"m_fNormalAtk":424.0,"m_fParryingAtk":50.0,"m_fPlagueAtk":200.0,"m_iLevel":219,"m_iMemory":13900,"m_iPlague":1,"m_iStr":134,"m_iVital":86,"m_iWound":474},"Transform":[[-0.5091107487678528,0.0,-0.8607010841369629,0.0],[0.0,1.0,0.0,0.0],[0.8607010841369629,0.0,-0.5091107487678528,0.0],[26.039684295654297,-4.470333792028214e-08,13.200825691223145,1.0]]}}
