{"Component":{"Status_Player":{"m_fMaxHP":2000.0,"m_fMaxMP":150.0,"m_fNormalAtk":424.0,"m_fParryingAtk":50.0,"m_fPlagueAtk":200.0,"m_iLevel":219,"m_iMemory":13900,"m_iPlague":1,"m_iStr":134,"m_iVital":86,"m_iWound":474},"Transform":[[-0.8950256705284119,0.0,0.4460146129131317,0.0],[0.0,1.0,0.0,0.0],[-0.4460146129131317,0.0,-0.8950256705284119,0.0],[19.511667251586914,-1.7136964913788688e-07,16.794275283813477,1.0]]}}
