{"Component":{"Status_Player":{"m_fMaxHP":2000.0,"m_fMaxMP":150.0,"m_fNormalAtk":424.0,"m_fParryingAtk":50.0,"m_fPlagueAtk":200.0,"m_iLevel":219,"m_iMemory":13900,"m_iPlague":1,"m_iStr":134,"m_iVital":86,"m_iWound":474},"Transform":[[0.30952396988868713,-0.0,0.9508916735649109,0.0],[0.0,1.0,0.0,0.0],[-0.9508916735649109,0.0,0.30952396988868713,0.0],[58.555057525634766,-1.8859073236399126e-07,58.71412658691406,1.0]]}}
