{"Component":{"Status_Player":{"m_fMaxHP":2000.0,"m_fMaxMP":150.0,"m_fNormalAtk":424.0,"m_fParryingAtk":50.0,"m_fPlagueAtk":200.0,"m_iLevel":219,"m_iMemory":113900,"m_iPlague":1,"m_iStr":134,"m_iVital":86,"m_iWound":474},"Transform":[[-0.3291417062282562,0.0,0.9442808628082275,0.0],[0.0,1.0,0.0,0.0],[-0.944280743598938,0.0,-0.32914164662361145,0.0],[16.139131546020508,0.3700440526008606,20.871809005737305,1.0]]}}
