{"Component":{"Status_Player":{"m_fMaxHP":2000.0,"m_fMaxMP":150.0,"m_fNormalAtk":424.0,"m_fParryingAtk":50.0,"m_fPlagueAtk":200.0,"m_iLevel":219,"m_iMemory":116900,"m_iPlague":1,"m_iStr":134,"m_iVital":86,"m_iWound":474},"Transform":[[0.997789740562439,-0.0,0.06645001471042633,0.0],[0.0,1.0,0.0,0.0],[-0.06645000725984573,0.0,0.9977896213531494,0.0],[23.993270874023438,-1.64166564786683e-07,56.12775421142578,1.0]]}}
