{"Component":{"Status_Player":{"m_fMaxHP":2000.0,"m_fMaxMP":150.0,"m_fNormalAtk":424.0,"m_fParryingAtk":50.0,"m_fPlagueAtk":200.0,"m_iLevel":219,"m_iMemory":113900,"m_iPlague":1,"m_iStr":134,"m_iVital":86,"m_iWound":474},"Transform":[[-0.06457896530628204,0.0,0.9979126453399658,0.0],[0.0,1.0,0.0,0.0],[-0.9979126453399658,0.0,-0.06457896530628204,0.0],[22.55320930480957,0.3700432777404785,21.138442993164063,1.0]]}}
