{"Component":{"Status_Player":{"m_fMaxHP":2000.0,"m_fMaxMP":150.0,"m_fNormalAtk":424.0,"m_fParryingAtk":50.0,"m_fPlagueAtk":200.0,"m_iLevel":219,"m_iMemory":113900,"m_iPlague":1,"m_iStr":134,"m_iVital":86,"m_iWound":474},"Transform":[[-0.15753567218780518,0.0,0.9875143766403198,0.0],[0.0,1.0,0.0,0.0],[-0.9875143766403198,0.0,-0.15753567218780518,0.0],[14.00938606262207,0.37005072832107544,20.622121810913086,1.0]]}}
