{"Component":{"Status_Player":{"m_fMaxHP":2000.0,"m_fMaxMP":150.0,"m_fNormalAtk":424.0,"m_fParryingAtk":50.0,"m_fPlagueAtk":200.0,"m_iLevel":219,"m_iMemory":113900,"m_iPlague":1,"m_iStr":134,"m_iVital":86,"m_iWound":474},"Transform":[[-0.01869584433734417,0.0,-0.9998252391815186,0.0],[0.0,1.0,0.0,0.0],[0.9998252391815186,0.0,-0.01869584433734417,0.0],[18.4111328125,0.3700196146965027,21.70836067199707,1.0]]}}
