{"Component":{"Status_Player":{"m_fMaxHP":2000.0,"m_fMaxMP":150.0,"m_fNormalAtk":424.0,"m_fParryingAtk":50.0,"m_fPlagueAtk":200.0,"m_iLevel":219,"m_iMemory":13900,"m_iPlague":1,"m_iStr":134,"m_iVital":86,"m_iWound":474},"Transform":[[0.9961070418357849,0.0,-0.08815782517194748,0.0],[-0.0,1.0,0.0,0.0],[0.08815782517194748,0.0,0.9961070418357849,0.0],[59.65929412841797,-1.9959136920988385e-07,51.04875564575195,1.0]]}}
