{"Component":{"Status_Player":{"m_fMaxHP":2000.0,"m_fMaxMP":150.0,"m_fNormalAtk":424.0,"m_fParryingAtk":50.0,"m_fPlagueAtk":200.0,"m_iLevel":219,"m_iMemory":13900,"m_iPlague":1,"m_iStr":134,"m_iVital":86,"m_iWound":474},"Transform":[[0.6700448393821716,0.0,-0.7423219680786133,0.0],[-0.0,1.0,0.0,0.0],[0.7423219680786133,0.0,0.6700448393821716,0.0],[58.6855354309082,-2.1548468964738277e-07,52.81904220581055,1.0]]}}
