{"Component":{"Status_Player":{"m_fMaxHP":2000.0,"m_fMaxMP":150.0,"m_fNormalAtk":424.0,"m_fParryingAtk":50.0,"m_fPlagueAtk":200.0,"m_iLevel":219,"m_iMemory":13900,"m_iPlague":1,"m_iStr":134,"m_iVital":86,"m_iWound":474},"Transform":[[0.8731833696365356,0.0,-0.48739194869995117,0.0],[-0.0,1.0,0.0,0.0],[0.48739194869995117,0.0,0.8731833696365356,0.0],[58.84492492675781,-1.9694647335199988e-07,51.76926803588867,1.0]]}}
