{"Component":{"Status_Player":{"m_fMaxHP":2000.0,"m_fMaxMP":150.0,"m_fNormalAtk":424.0,"m_fParryingAtk":50.0,"m_fPlagueAtk":200.0,"m_iLevel":219,"m_iMemory":13900,"m_iPlague":1,"m_iStr":134,"m_iVital":86,"m_iWound":474},"Transform":[[0.11046964675188065,0.0,-0.9938796758651733,0.0],[-0.0,1.0,0.0,0.0],[0.9938796758651733,0.0,0.11046964675188065,0.0],[33.91475296020508,-1.4506213119602762e-07,59.020057678222656,1.0]]}}
