{"Component":{"Status_Player":{"m_fMaxHP":2000.0,"m_fMaxMP":150.0,"m_fNormalAtk":424.0,"m_fParryingAtk":50.0,"m_fPlagueAtk":200.0,"m_iLevel":219,"m_iMemory":13900,"m_iPlague":1,"m_iStr":134,"m_iVital":86,"m_iWound":474},"Transform":[[-0.8581246137619019,0.0,-0.5134415626525879,0.0],[0.0,1.0,0.0,0.0],[0.5134415626525879,0.0,-0.8581246137619019,0.0],[17.02806282043457,-6.705505484205787e-08,22.431894302368164,1.0]]}}
