{"Component":{"Status_Player":{"m_fMaxHP":2000.0,"m_fMaxMP":150.0,"m_fNormalAtk":424.0,"m_fParryingAtk":50.0,"m_fPlagueAtk":200.0,"m_iLevel":219,"m_iMemory":113900,"m_iPlague":1,"m_iStr":134,"m_iVital":86,"m_iWound":474},"Transform":[[-0.06031986325979233,0.0,0.9981788396835327,0.0],[0.0,1.0,0.0,0.0],[-0.9981788396835327,0.0,-0.06031986325979233,0.0],[16.257728576660156,0.3700292110443115,21.418195724487305,1.0]]}}
