{"Component":{"Status_Player":{"m_fMaxHP":2000.0,"m_fMaxMP":150.0,"m_fNormalAtk":424.0,"m_fParryingAtk":50.0,"m_fPlagueAtk":200.0,"m_iLevel":219,"m_iMemory":13900,"m_iPlague":1,"m_iStr":134,"m_iVital":86,"m_iWound":474},"Transform":[[0.9489498138427734,0.0,-0.3154430389404297,0.0],[-0.0,1.0,0.0,0.0],[0.31544172763824463,0.0,0.9489458203315735,0.0],[45.0059928894043,-1.8595233086671215e-07,39.43640899658203,1.0]]}}
