{"Component":{"Status_Player":{"m_fMaxHP":2000.0,"m_fMaxMP":150.0,"m_fNormalAtk":424.0,"m_fParryingAtk":50.0,"m_fPlagueAtk":200.0,"m_iLevel":219,"m_iMemory":113900,"m_iPlague":1,"m_iStr":134,"m_iVital":86,"m_iWound":474},"Transform":[[-0.14585699141025543,0.0,-0.9893064498901367,0.0],[0.0,1.0,0.0,0.0],[0.9893062114715576,0.0,-0.14585696160793304,0.0],[16.335224151611328,0.37002062797546387,21.738555908203125,1.0]]}}
