{"Component":{"Status_Player":{"m_fMaxHP":2000.0,"m_fMaxMP":150.0,"m_fNormalAtk":424.0,"m_fParryingAtk":50.0,"m_fPlagueAtk":200.0,"m_iLevel":219,"m_iMemory":13900,"m_iPlague":1,"m_iStr":134,"m_iVital":86,"m_iWound":474},"Transform":[[-0.9996939301490784,0.0,0.024822307750582695,0.0],[0.0,1.0,0.0,0.0],[-0.024822276085615158,0.0,-0.9996926188468933,0.0],[59.399192810058594,-6.545279518377356e-08,53.04110336303711,1.0]]}}
