{"Component":{"Status_Player":{"m_fMaxHP":2000.0,"m_fMaxMP":150.0,"m_fNormalAtk":424.0,"m_fParryingAtk":50.0,"m_fPlagueAtk":200.0,"m_iLevel":219,"m_iMemory":13900,"m_iPlague":1,"m_iStr":134,"m_iVital":86,"m_iWound":474},"Transform":[[-0.6828392148017883,0.0,-0.7305687665939331,0.0],[0.0,1.0,0.0,0.0],[0.7305687665939331,0.0,-0.6828392148017883,0.0],[59.696815490722656,-0.016865752637386322,52.52113723754883,1.0]]}}
