{"Component":{"Status_Player":{"m_fMaxHP":2000.0,"m_fMaxMP":150.0,"m_fNormalAtk":424.0,"m_fParryingAtk":50.0,"m_fPlagueAtk":200.0,"m_iLevel":219,"m_iMemory":113900,"m_iPlague":1,"m_iStr":134,"m_iVital":86,"m_iWound":474},"Transform":[[-0.06903091818094254,0.0,-0.9976161122322083,0.0],[0.0,1.0,0.0,0.0],[0.9976149201393127,0.0,-0.06903083622455597,0.0],[18.06302261352539,0.44559115171432495,22.078598022460938,1.0]]}}
