{"Component":{"Status_Player":{"m_fMaxHP":2000.0,"m_fMaxMP":150.0,"m_fNormalAtk":424.0,"m_fParryingAtk":50.0,"m_fPlagueAtk":200.0,"m_iLevel":219,"m_iMemory":13900,"m_iPlague":1,"m_iStr":134,"m_iVital":86,"m_iWound":474},"Transform":[[0.8085488677024841,0.0,-0.5884291529655457,0.0],[-0.0,1.0,0.0,0.0],[0.5884291529655457,0.0,0.8085488677024841,0.0],[59.82599639892578,-1.1181696635276239e-07,52.71931076049805,1.0]]}}
