{"Component":{"Status_Player":{"m_fMaxHP":2000.0,"m_fMaxMP":150.0,"m_fNormalAtk":424.0,"m_fParryingAtk":50.0,"m_fPlagueAtk":200.0,"m_iLevel":219,"m_iMemory":113900,"m_iPlague":1,"m_iStr":134,"m_iVital":86,"m_iWound":474},"Transform":[[0.6888902187347412,0.0,-0.7248656749725342,0.0],[-0.0,1.0,0.0,0.0],[0.7248656153678894,0.0,0.6888901591300964,0.0],[14.18005657196045,0.3695300221443176,24.77212142944336,1.0]]}}
