{"Component":{"Status_Player":{"m_fMaxHP":2000.0,"m_fMaxMP":150.0,"m_fNormalAtk":424.0,"m_fParryingAtk":50.0,"m_fPlagueAtk":200.0,"m_iLevel":219,"m_iMemory":13900,"m_iPlague":1,"m_iStr":134,"m_iVital":86,"m_iWound":474},"Transform":[[-0.7419837713241577,0.0,0.6704198122024536,0.0],[0.0,1.0,0.0,0.0],[-0.6704198122024536,0.0,-0.7419837713241577,0.0],[24.435274124145508,-1.870793795433201e-07,38.40188980102539,1.0]]}}
