{"Component":{"Status_Player":{"m_fMaxHP":2000.0,"m_fMaxMP":150.0,"m_fNormalAtk":424.0,"m_fParryingAtk":50.0,"m_fPlagueAtk":200.0,"m_iLevel":219,"m_iMemory":113900,"m_iPlague":1,"m_iStr":134,"m_iVital":86,"m_iWound":474},"Transform":[[0.03795241191983223,0.0,-0.9992797374725342,0.0],[-0.0,1.0,0.0,0.0],[0.9992797374725342,0.0,0.03795241191983223,0.0],[15.683744430541992,0.3700248897075653,21.58303451538086,1.0]]}}
