{"Component":{"Status_Player":{"m_fMaxHP":300.0,"m_fMaxMP":150.0,"m_fNormalAtk":25.0,"m_fParryingAtk":50.0,"m_fPlagueAtk":200.0,"m_iLevel":1,"m_iMemory":401000,"m_iPlague":1,"m_iStr":1,"m_iVital":1,"m_iWound":1},"Transform":[[0.6058663725852966,0.0,-0.7955677509307861,0.0],[-0.0,1.0,0.0,0.0],[0.7955667972564697,0.0,0.6058656573295593,0.0],[58.600608825683594,-2.09406351814323e-07,51.98267364501953,1.0]]}}
