{"Component":{"Status_Player":{"m_fMaxHP":2000.0,"m_fMaxMP":150.0,"m_fNormalAtk":424.0,"m_fParryingAtk":50.0,"m_fPlagueAtk":200.0,"m_iLevel":219,"m_iMemory":13900,"m_iPlague":1,"m_iStr":134,"m_iVital":86,"m_iWound":474},"Transform":[[-0.8119587898254395,0.0,-0.5837148427963257,0.0],[0.0,1.0,0.0,0.0],[0.5837148427963257,0.0,-0.8119587898254395,0.0],[11.710779190063477,-1.043080430918053e-07,22.147579193115234,1.0]]}}
