{"Component":{"Status_Player":{"m_fMaxHP":2000.0,"m_fMaxMP":150.0,"m_fNormalAtk":424.0,"m_fParryingAtk":50.0,"m_fPlagueAtk":200.0,"m_iLevel":219,"m_iMemory":13900,"m_iPlague":1,"m_iStr":134,"m_iVital":86,"m_iWound":474},"Transform":[[0.2729411721229553,-0.0,0.9620307683944702,0.0],[0.0,1.0,0.0,0.0],[-0.9620307683944702,0.0,0.2729411721229553,0.0],[60.105072021484375,-1.8035332516319613e-07,53.05815505981445,1.0]]}}
