{"Component":{"Status_Player":{"m_fMaxHP":2000.0,"m_fMaxMP":150.0,"m_fNormalAtk":424.0,"m_fParryingAtk":50.0,"m_fPlagueAtk":200.0,"m_iLevel":219,"m_iMemory":113900,"m_iPlague":1,"m_iStr":134,"m_iVital":86,"m_iWound":474},"Transform":[[0.04465867951512337,0.0,-0.9990028142929077,0.0],[-0.0,1.0,0.0,0.0],[0.9990026950836182,0.0,0.04465867206454277,0.0],[23.461671829223633,0.37003591656684875,21.41494369506836,1.0]]}}
