{"Component":{"Status_Player":{"m_fMaxHP":2000.0,"m_fMaxMP":150.0,"m_fNormalAtk":424.0,"m_fParryingAtk":50.0,"m_fPlagueAtk":200.0,"m_iLevel":219,"m_iMemory":113900,"m_iPlague":1,"m_iStr":134,"m_iVital":86,"m_iWound":474},"Transform":[[-0.0150070209056139,0.0,0.9998875856399536,0.0],[0.0,1.0,0.0,0.0],[-0.9998875856399536,0.0,-0.0150070209056139,0.0],[19.46117401123047,0.3699948787689209,22.622060775756836,1.0]]}}
