{"Component":{"Status_Player":{"m_fMaxHP":2000.0,"m_fMaxMP":150.0,"m_fNormalAtk":424.0,"m_fParryingAtk":50.0,"m_fPlagueAtk":200.0,"m_iLevel":219,"m_iMemory":13900,"m_iPlague":1,"m_iStr":134,"m_iVital":86,"m_iWound":474},"Transform":[[0.5249013304710388,0.0,-0.8511633276939392,0.0],[-0.0,1.0,0.0,0.0],[0.8511633276939392,0.0,0.5249013304710388,0.0],[78.77841186523438,-2.1385456250300194e-07,42.47980499267578,1.0]]}}
