{"Component":{"Status_Player":{"m_fMaxHP":2000.0,"m_fMaxMP":150.0,"m_fNormalAtk":424.0,"m_fParryingAtk":50.0,"m_fPlagueAtk":200.0,"m_iLevel":219,"m_iMemory":13900,"m_iPlague":1,"m_iStr":134,"m_iVital":86,"m_iWound":474},"Transform":[[0.8896629214286804,0.0,-0.45661887526512146,0.0],[-0.0,1.0,0.0,0.0],[0.45661887526512146,0.0,0.8896629214286804,0.0],[39.467063903808594,-1.8795142864291847e-07,60.96467971801758,1.0]]}}
