{"Component":{"Status_Player":{"m_fMaxHP":2000.0,"m_fMaxMP":150.0,"m_fNormalAtk":424.0,"m_fParryingAtk":50.0,"m_fPlagueAtk":200.0,"m_iLevel":219,"m_iMemory":13900,"m_iPlague":1,"m_iStr":134,"m_iVital":86,"m_iWound":474},"Transform":[[0.9972348809242249,-0.0,0.07431415468454361,0.0],[0.0,1.0,0.0,0.0],[-0.07431415468454361,0.0,0.9972348809242249,0.0],[45.320068359375,-2.1006719919114403e-07,40.14247512817383,1.0]]}}
