{"Component":{"Status_Player":{"m_fMaxHP":2000.0,"m_fMaxMP":150.0,"m_fNormalAtk":424.0,"m_fParryingAtk":50.0,"m_fPlagueAtk":200.0,"m_iLevel":219,"m_iMemory":13900,"m_iPlague":1,"m_iStr":134,"m_iVital":86,"m_iWound":474},"Transform":[[0.4692169725894928,-0.0,0.8830844759941101,0.0],[0.0,1.0,0.0,0.0],[-0.8830836415290833,0.0,0.469216525554657,0.0],[29.88943862915039,-1.93713376006599e-07,12.405396461486816,1.0]]}}
