{"Component":{"Status_Player":{"m_fMaxHP":2000.0,"m_fMaxMP":150.0,"m_fNormalAtk":424.0,"m_fParryingAtk":50.0,"m_fPlagueAtk":200.0,"m_iLevel":219,"m_iMemory":13900,"m_iPlague":1,"m_iStr":134,"m_iVital":86,"m_iWound":474},"Transform":[[-0.03495309501886368,0.0,-0.9993889927864075,0.0],[0.0,1.0,0.0,0.0],[0.9993889927864075,0.0,-0.03495309501886368,0.0],[27.403573989868164,-1.0430714780795824e-07,15.960599899291992,1.0]]}}
