{"Component":{"Status_Player":{"m_fMaxHP":300.0,"m_fMaxMP":150.0,"m_fNormalAtk":800.0,"m_fParryingAtk":50.0,"m_fPlagueAtk":200.0,"m_iLevel":219,"m_iMemory":13900,"m_iPlague":1,"m_iStr":134,"m_iVital":86,"m_iWound":474},"Transform":[[-0.057624850422143936,0.0,-0.9983383417129517,0.0],[0.0,1.0,0.0,0.0],[0.9983383417129517,0.0,-0.057624850422143936,0.0],[15.157620429992676,-1.8562414538791927e-07,17.47138023376465,1.0]]}}
