{"Component":{"Status_Player":{"m_fMaxHP":2000.0,"m_fMaxMP":150.0,"m_fNormalAtk":424.0,"m_fParryingAtk":50.0,"m_fPlagueAtk":200.0,"m_iLevel":219,"m_iMemory":13900,"m_iPlague":1,"m_iStr":134,"m_iVital":86,"m_iWound":474},"Transform":[[-0.9578887820243835,0.0,0.2871396541595459,0.0],[0.0,1.0,0.0,0.0],[-0.2871396541595459,0.0,-0.9578887820243835,0.0],[59.927978515625,-8.028288789319049e-08,52.583126068115234,1.0]]}}
