{"Component":{"Status_Player":{"m_fMaxHP":2000.0,"m_fMaxMP":150.0,"m_fNormalAtk":424.0,"m_fParryingAtk":50.0,"m_fPlagueAtk":200.0,"m_iLevel":219,"m_iMemory":13900,"m_iPlague":1,"m_iStr":134,"m_iVital":86,"m_iWound":474},"Transform":[[0.0260086040943861,-0.0,0.9996622800827026,0.0],[0.0,1.0,0.0,0.0],[-0.9996622800827026,0.0,0.0260086040943861,0.0],[28.97246742248535,-2.501598358154297,74.75528717041016,1.0]]}}
