{"Component":{"Status_Player":{"m_fMaxHP":2000.0,"m_fMaxMP":150.0,"m_fNormalAtk":424.0,"m_fParryingAtk":50.0,"m_fPlagueAtk":200.0,"m_iLevel":219,"m_iMemory":113900,"m_iPlague":1,"m_iStr":134,"m_iVital":86,"m_iWound":474},"Transform":[[0.03702164441347122,0.0,-0.9993144869804382,0.0],[-0.0,1.0,0.0,0.0],[0.9993144869804382,0.0,0.03702164441347122,0.0],[13.627824783325195,0.4466422200202942,21.105331420898438,1.0]]}}
