{"Component":{"Status_Player":{"m_fMaxHP":2000.0,"m_fMaxMP":150.0,"m_fNormalAtk":424.0,"m_fParryingAtk":50.0,"m_fPlagueAtk":200.0,"m_iLevel":219,"m_iMemory":13900,"m_iPlague":1,"m_iStr":134,"m_iVital":86,"m_iWound":474},"Transform":[[-0.7340078353881836,0.0,0.6791410446166992,0.0],[0.0,1.0,0.0,0.0],[-0.6791410446166992,0.0,-0.7340078353881836,0.0],[15.545063972473145,-1.9371493920061766e-07,15.385059356689453,1.0]]}}
