{"Component":{"Status_Player":{"m_fMaxHP":2000.0,"m_fMaxMP":150.0,"m_fNormalAtk":424.0,"m_fParryingAtk":50.0,"m_fPlagueAtk":200.0,"m_iLevel":219,"m_iMemory":113900,"m_iPlague":1,"m_iStr":134,"m_iVital":86,"m_iWound":474},"Transform":[[-0.18479400873184204,0.0,-0.982780396938324,0.0],[0.0,1.0,0.0,0.0],[0.9827775955200195,0.0,-0.18479347229003906,0.0],[14.56645393371582,0.3955003023147583,21.646760940551758,1.0]]}}
