{"Component":{"Status_Player":{"m_fMaxHP":2000.0,"m_fMaxMP":150.0,"m_fNormalAtk":424.0,"m_fParryingAtk":50.0,"m_fPlagueAtk":200.0,"m_iLevel":219,"m_iMemory":13900,"m_iPlague":1,"m_iStr":134,"m_iVital":86,"m_iWound":474},"Transform":[[0.9902082085609436,-0.0,0.1396457701921463,0.0],[0.0,1.0,0.0,0.0],[-0.13964486122131348,0.0,0.9902017116546631,0.0],[55.80559539794922,-2.1579513997949107e-07,50.05973434448242,1.0]]}}
