{"Component":{"Status_Player":{"m_fMaxHP":2000.0,"m_fMaxMP":150.0,"m_fNormalAtk":424.0,"m_fParryingAtk":50.0,"m_fPlagueAtk":200.0,"m_iLevel":219,"m_iMemory":13900,"m_iPlague":1,"m_iStr":134,"m_iVital":86,"m_iWound":474},"Transform":[[0.4985485076904297,0.0,-0.8668618202209473,0.0],[-0.0,1.0,0.0,0.0],[0.8668618202209473,0.0,0.4985485076904297,0.0],[12.073999404907227,-1.9557731434360903e-07,27.35317039489746,1.0]]}}
