{"Component":{"Status_Player":{"m_fMaxHP":2000.0,"m_fMaxMP":150.0,"m_fNormalAtk":424.0,"m_fParryingAtk":50.0,"m_fPlagueAtk":200.0,"m_iLevel":219,"m_iMemory":13900,"m_iPlague":1,"m_iStr":134,"m_iVital":86,"m_iWound":474},"Transform":[[0.9957457184791565,0.0,-0.09214393049478531,0.0],[-0.0,1.0,0.0,0.0],[0.09214393049478531,0.0,0.9957457184791565,0.0],[59.20603561401367,-1.8859100237023085e-07,52.033111572265625,1.0]]}}
