{"Component":{"Status_Player":{"m_fMaxHP":2000.0,"m_fMaxMP":150.0,"m_fNormalAtk":424.0,"m_fParryingAtk":50.0,"m_fPlagueAtk":200.0,"m_iLevel":219,"m_iMemory":113900,"m_iPlague":1,"m_iStr":134,"m_iVital":86,"m_iWound":474},"Transform":[[0.05480385571718216,0.0,-0.9984971284866333,0.0],[-0.0,1.0,0.0,0.0],[0.9984971284866333,0.0,0.05480385571718216,0.0],[20.4825382232666,0.49723514914512634,21.58570098876953,1.0]]}}
