{"Component":{"Status_Player":{"m_fMaxHP":2000.0,"m_fMaxMP":150.0,"m_fNormalAtk":424.0,"m_fParryingAtk":50.0,"m_fPlagueAtk":200.0,"m_iLevel":219,"m_iMemory":113900,"m_iPlague":1,"m_iStr":134,"m_iVital":86,"m_iWound":474},"Transform":[[0.7890916466712952,0.0,-0.6142757534980774,0.0],[-0.0,1.0,0.0,0.0],[0.6142757534980774,0.0,0.7890916466712952,0.0],[59.00899124145508,-8.138672313862116e-08,53.08260726928711,1.0]]}}
