{"Component":{"Status_Player":{"m_fMaxHP":2000.0,"m_fMaxMP":150.0,"m_fNormalAtk":424.0,"m_fParryingAtk":50.0,"m_fPlagueAtk":200.0,"m_iLevel":219,"m_iMemory":13900,"m_iPlague":1,"m_iStr":134,"m_iVital":86,"m_iWound":474},"Transform":[[-0.9997497797012329,0.0,0.02240373194217682,0.0],[0.0,1.0,0.0,0.0],[-0.02240373194217682,0.0,-0.9997497797012329,0.0],[58.43602752685547,-1.3912330132370698e-07,14.50682544708252,1.0]]}}
