{"Component":{"Status_Player":{"m_fMaxHP":2000.0,"m_fMaxMP":150.0,"m_fNormalAtk":424.0,"m_fParryingAtk":50.0,"m_fPlagueAtk":200.0,"m_iLevel":219,"m_iMemory":13900,"m_iPlague":1,"m_iStr":134,"m_iVital":86,"m_iWound":474},"Transform":[[-0.1592329740524292,0.0,0.9872410297393799,0.0],[0.0,1.0,0.0,0.0],[-0.9872410297393799,0.0,-0.1592329740524292,0.0],[27.664703369140625,-1.1757889240016084e-07,16.68271255493164,1.0]]}}
