{"Component":{"Status_Player":{"m_fMaxHP":2000.0,"m_fMaxMP":150.0,"m_fNormalAtk":424.0,"m_fParryingAtk":50.0,"m_fPlagueAtk":200.0,"m_iLevel":219,"m_iMemory":113900,"m_iPlague":1,"m_iStr":134,"m_iVital":86,"m_iWound":474},"Transform":[[-0.035762760788202286,0.0,-0.9993603229522705,0.0],[0.0,1.0,0.0,0.0],[0.9993603229522705,0.0,-0.035762760788202286,0.0],[15.426000595092773,0.37001755833625793,21.856550216674805,1.0]]}}
