{"Component":{"Status_Player":{"m_fMaxHP":2000.0,"m_fMaxMP":150.0,"m_fNormalAtk":424.0,"m_fParryingAtk":50.0,"m_fPlagueAtk":200.0,"m_iLevel":219,"m_iMemory":13900,"m_iPlague":1,"m_iStr":134,"m_iVital":86,"m_iWound":474},"Transform":[[-0.999997615814209,0.0,0.0022125232499092817,0.0],[0.0,1.0,0.0,0.0],[-0.0022125232499092817,0.0,-0.999997615814209,0.0],[56.61189270019531,-6.100123073338182e-08,13.885133743286133,1.0]]}}
