{"Component":{"Status_Player":{"m_fMaxHP":2000.0,"m_fMaxMP":150.0,"m_fNormalAtk":424.0,"m_fParryingAtk":50.0,"m_fPlagueAtk":200.0,"m_iLevel":219,"m_iMemory":113900,"m_iPlague":1,"m_iStr":134,"m_iVital":86,"m_iWound":474},"Transform":[[-0.031038541346788406,0.0,0.9995257258415222,0.0],[0.0,1.0,0.0,0.0],[-0.9995257258415222,0.0,-0.031038541346788406,0.0],[21.091951370239258,0.405531644821167,20.750574111938477,1.0]]}}
