{"Component":{"Status_Player":{"m_fMaxHP":2000.0,"m_fMaxMP":150.0,"m_fNormalAtk":424.0,"m_fParryingAtk":50.0,"m_fPlagueAtk":200.0,"m_iLevel":219,"m_iMemory":13900,"m_iPlague":1,"m_iStr":134,"m_iVital":86,"m_iWound":474},"Transform":[[-0.9991378784179688,0.0,0.041515350341796875,0.0],[0.0,1.0,0.0,0.0],[-0.041515350341796875,0.0,-0.9991378784179688,0.0],[59.65770721435547,-1.526239117310979e-07,53.75807571411133,1.0]]}}
