{"Component":{"Status_Player":{"m_fMaxHP":2000.0,"m_fMaxMP":150.0,"m_fNormalAtk":424.0,"m_fParryingAtk":50.0,"m_fPlagueAtk":200.0,"m_iLevel":219,"m_iMemory":113900,"m_iPlague":1,"m_iStr":134,"m_iVital":86,"m_iWound":474},"Transform":[[-0.6904450058937073,0.0,0.7233888506889343,0.0],[0.0,1.0,0.0,0.0],[-0.7233873605728149,0.0,-0.6904436349868774,0.0],[18.00204849243164,0.4484807848930359,22.20269203186035,1.0]]}}
