{"Component":{"Status_Player":{"m_fMaxHP":2000.0,"m_fMaxMP":150.0,"m_fNormalAtk":424.0,"m_fParryingAtk":50.0,"m_fPlagueAtk":200.0,"m_iLevel":219,"m_iMemory":113900,"m_iPlague":1,"m_iStr":134,"m_iVital":86,"m_iWound":474},"Transform":[[-0.06706254184246063,0.0,0.9977517127990723,0.0],[0.0,1.0,0.0,0.0],[-0.9977515935897827,0.0,-0.06706253439188004,0.0],[23.130964279174805,0.4018537998199463,21.99577522277832,1.0]]}}
