{"Component":{"Status_Player":{"m_fMaxHP":2000.0,"m_fMaxMP":150.0,"m_fNormalAtk":424.0,"m_fParryingAtk":50.0,"m_fPlagueAtk":200.0,"m_iLevel":219,"m_iMemory":13900,"m_iPlague":1,"m_iStr":134,"m_iVital":86,"m_iWound":474},"Transform":[[-0.8738163709640503,0.0,0.48625612258911133,0.0],[0.0,1.0,0.0,0.0],[-0.48625609278678894,0.0,-0.8738163113594055,0.0],[54.093048095703125,-4.1209772462025285e-05,16.961606979370117,1.0]]}}
