{"Component":{"Status_Player":{"m_fMaxHP":2000.0,"m_fMaxMP":150.0,"m_fNormalAtk":424.0,"m_fParryingAtk":50.0,"m_fPlagueAtk":200.0,"m_iLevel":219,"m_iMemory":13900,"m_iPlague":1,"m_iStr":134,"m_iVital":86,"m_iWound":474},"Transform":[[0.2796523869037628,-0.0,0.9601013660430908,0.0],[0.0,1.0,0.0,0.0],[-0.9601013660430908,0.0,0.2796523869037628,0.0],[24.09305763244629,-1.713624726562557e-07,11.204241752624512,1.0]]}}
