{"Component":{"Status_Player":{"m_fMaxHP":2000.0,"m_fMaxMP":150.0,"m_fNormalAtk":424.0,"m_fParryingAtk":50.0,"m_fPlagueAtk":200.0,"m_iLevel":219,"m_iMemory":13900,"m_iPlague":1,"m_iStr":134,"m_iVital":86,"m_iWound":474},"Transform":[[-0.4266595244407654,0.0,-0.9044123291969299,0.0],[0.0,1.0,0.0,0.0],[0.9044123291969299,0.0,-0.4266595244407654,0.0],[11.757265090942383,-1.8067656526454812e-07,18.45065689086914,1.0]]}}
