{"GameObject":[{"Component":{"Transform":[[0.9227920174598694,1.979060471057892e-09,-0.38529321551322937,0.0],[0.24324536323547363,0.7755178213119507,0.5825870633125305,0.0],[0.2988020181655884,-0.6313304305076599,0.715644896030426,0.0],[-35.98204803466797,39.475059509277344,-46.34968948364258,1.0]]},"Hash":8675365520207489377,"Name":"class Client::CCamera_Free","Setting":{"Enable":true}},{"Collider_Type":0,"Component":{"Transform":{"":null}},"Hash":15757666174375886015,"ModelCom":"P_CircusBalloon01","Name":"class Client::CStatic_Instancing_Prop","PropDesc":{"Prop Matrix (0)":[[0.0,0.0,0.0,0.0],[1.0,1.0,1.0,0.0],[-13.0,6.0,11.0,0.0],[0.0,0.0,0.0,0.0]],"Prop Matrix (1)":[[0.0,0.0,0.0,0.0],[1.0,1.0,1.0,0.0],[-54.0,0.0,14.0,0.0],[0.0,0.0,0.0,0.0]],"Prop Matrix (2)":[[0.0,0.0,0.0,0.0],[1.0,1.0,1.0,0.0],[28.0,0.0,53.0,0.0],[0.0,0.0,0.0,0.0]],"Prop Matrix (3)":[[0.0,0.0,0.0,0.0],[1.0,1.0,1.0,0.0],[0.0,-37.0,-40.0,0.0],[0.0,0.0,0.0,0.0]]},"Setting":{"Enable":true}}]}
