{"GameObject":[{"Component":{"Transform":[[0.9712973237037659,6.402842700481415e-10,-0.2378602921962738,0.0],[0.14580820500850677,0.7900838851928711,0.595405101776123,0.0],[0.18792952597141266,-0.6129990816116333,0.7674079537391663,0.0],[3.848278284072876,4.330972671508789,5.42203950881958,1.0]]},"Hash":8675365520207489377,"Name":"class Client::CCamera_Free","Setting":{"Enable":true}},{"Component":{"Transform":[[1.0,0.0,0.0,0.0],[0.0,1.0,0.0,0.0],[0.0,0.0,1.0,0.0],[0.0,0.0,0.0,1.0]]},"Hash":3297996505304094455,"Name":"class Client::CTerrain","Setting":{"Enable":true}},{"Component":{"Transform":[[-0.9999985694885254,3.915801016773912e-10,0.0016883605858311057,0.0],[-4.5095049472365645e-08,1.0,-2.694126305868849e-05,0.0],[-0.0016883605858311057,-2.6941299438476563e-05,-0.9999985694885254,0.0],[3.963656425476074,0.0,9.360097885131836,1.0]]},"Hash":8662760939278159895,"MidSize":5,"Name":"class Client::CInteraction_Ladder","Offset":0.4000000059604645,"Setting":{"Enable":true}}]}
