{"GameObject":[{"Component":{"Transform":[[-0.27566707134246826,-9.022187441587448e-10,-0.9612463712692261,-0.0],[0.5393531918525696,0.8277492523193359,-0.15467773377895355,0.0],[0.7956749200820923,-0.5610975623130798,-0.22818578779697418,0.0],[2.7165000438690186,1.6817108392715454,3.076619863510132,1.0]]},"Hash":8675365520207489377,"Name":"class Client::CCamera_Free","Setting":{"Enable":true}},{"Component":{"Transform":[[1.0,0.0,0.0,0.0],[0.0,1.0,0.0,0.0],[0.0,0.0,1.0,0.0],[0.0,0.0,0.0,1.0]]},"Hash":3297996505304094455,"Name":"class Client::CTerrain","Setting":{"Enable":true}},{"Component":{"Model":"Torch","Transform":[[1.0,0.0,0.0,0.0],[0.0,1.0,2.6941299438476563e-05,0.0],[0.0,-2.6941299438476563e-05,1.0,0.0],[3.97902250289917,0.7300000786781311,3.2466135025024414,1.0]]},"Hash":3930023297518207312,"Light_Ambient":[1.0,0.0,0.0,0.0],"Light_Diffuse":[1.0,0.0,1.0,0.0],"Light_Direction":[0.0,0.0,0.0,0.0],"Light_Flag":[1.0,1.0,1.0,1.0],"Light_Position":[3.9790000915527344,7.0,3.246999979019165,1.0],"Light_Range":100.0,"Light_Specular":[1.0,0.0,0.0,1.0],"Light_Type":1,"Name":"class Client::CLight_Prop","Setting":{"Enable":true}}]}
