{"GameObject":[{"Component":{"Transform":[[0.9976040124893188,1.1641532182693481e-10,0.06908948719501495,0.0],[-0.049007780849933624,0.7048681378364563,0.7076468467712402,0.0],[-0.04869810491800308,-0.7093398571014404,0.7031774520874023,0.0],[5.5496416091918945,5.501451015472412,-4.587857723236084,1.0]]},"Hash":8675365520207489377,"Name":"class Client::CCamera_Free","Setting":{"Enable":true}},{"Component":{"Transform":[[1.0,0.0,0.0,0.0],[0.0,1.0,0.0,0.0],[0.0,0.0,1.0,0.0],[0.0,0.0,0.0,1.0]]},"Hash":3297996505304094455,"Name":"class Client::CTerrain","Setting":{"Enable":true}},{"Component":{"Model":"EffectMesh0508","Transform":[[1.0,0.0,0.0,0.0],[0.0,1.0,2.6941299438476563e-05,0.0],[0.0,-2.6941299438476563e-05,1.0,0.0],[2.394534111022949,1.5599995851516724,2.1788370609283447,1.0]]},"Hash":3930023297518207312,"Light_Ambient":[1.0,1.0,1.0,0.0],"Light_Diffuse":[1.0,1.0,0.800000011920929,0.0],"Light_Direction":[0.0,0.0,0.0,0.0],"Light_Flag":[1.0,1.0,1.0,1.0],"Light_Position":[2.0,1.0,2.0,1.0],"Light_Range":1.0,"Light_Specular":[0.699999988079071,0.699999988079071,0.5799999833106995,1.0],"Light_Type":0,"Name":"class Client::CLight_Prop","Setting":{"Enable":true}},{"ColliderDesc":[3.0,0.0,1.5,0.0],"Component":{"Model":"SM_WoodenDoor01","Transform":[[1.0,0.0,0.0,0.0],[0.0,1.0,2.6941299438476563e-05,0.0],[0.0,-2.6941299438476563e-05,1.0,0.0],[2.5400209426879883,-0.13000044226646423,0.9007868766784668,1.0]]},"Hash":5477902507740036444,"Name":"class Client::CInteraction_Door","RotationSpeed":1.0,"RotationtRadian":1.5707963705062866,"Setting":{"Enable":true}}]}
