{"GameObject":[{"Component":{"Transform":[[1.0,0.0,0.0,0.0],[0.0,1.0,0.0,0.0],[0.0,0.0,1.0,0.0],[0.0,0.0,0.0,1.0]]},"Hash":3297996505304094455,"Name":"class Client::CTerrain","Setting":{"Enable":true}},{"Component":{"Transform":[[0.3948868215084076,-3.1141098588705063e-09,0.9187269806861877,0.0],[-0.3472069501876831,0.9258366823196411,0.14923632144927979,0.0],[-0.8505931496620178,-0.37792110443115234,0.36560171842575073,0.0],[17.609312057495117,8.587753295898438,-1.3066734075546265,1.0]]},"Hash":8675365520207489377,"Name":"class Client::CCamera_Free","Setting":{"Enable":true}},{"Component":{"Transform":[[0.7016614675521851,0.0,-0.7125104665756226,0.0],[3.142701189062791e-06,1.0,3.0948485800763592e-06,0.0],[0.7125104665756226,-4.410743258631555e-06,0.7016614675521851,0.0],[3.7191333770751953,0.0,4.743446350097656,1.0]]},"Hash":4298431940931674343,"Name":"class Client::CInteraction_Elevator","Setting":{"Enable":true}}]}
