{"GameObject":[{"Component":{"Transform":[[0.9068523049354553,7.566995918750763e-10,0.421444833278656,0.0],[-0.05061016604304314,0.9927623271942139,0.10890111327171326,0.0],[-0.4183955490589142,-0.12008815258741379,0.9002887606620789,0.0],[9.043216705322266,6.4821391105651855,-6.456591606140137,1.0]]},"Hash":8675365520207489377,"Name":"class Client::CCamera_Free","Setting":{"Enable":true}},{"Component":{"Model":"P_Ladder02_Down","Transform":[[1.0,0.0,0.0,0.0],[0.0,1.0,0.0,0.0],[0.0,0.0,1.0,0.0],[0.0,0.0,0.0,1.0]]},"Hash":8662760939278159895,"MidSize":10,"Name":"class Client::CInteraction_Ladder","Offset":0.800000011920929,"Setting":{"Enable":true}}]}
