{"GameObject":[{"Component":{"Transform":[[0.9703103303909302,-1.4551915228366852e-11,0.24186018109321594,0.0],[-0.09455927461385727,0.920405387878418,0.3793586492538452,0.0],[-0.2226095348596573,-0.39096707105636597,0.8930793404579163,0.0],[3.010545253753662,4.477566242218018,-2.7736573219299316,1.0]]},"Hash":8675365520207489377,"Name":"class Client::CCamera_Free","Setting":{"Enable":true}},{"Component":{"Model":"P_Ladder02_Down","Transform":[[1.0,0.0,0.0,0.0],[0.0,1.0,0.0,0.0],[0.0,0.0,1.0,0.0],[0.0,0.0,0.0,1.0]]},"Hash":8662760939278159895,"MidSize":5,"Name":"class Client::CInteraction_Ladder","Offset":0.5,"Setting":{"Enable":true}}]}
