{"GameObject":[{"Component":{"Transform":[[0.8372775912284851,1.3969838619232178e-09,-0.5467785000801086,0.0],[0.2496049404144287,0.889723002910614,0.38221821188926697,0.0],[0.48648154735565186,-0.4565012454986572,0.7449449300765991,0.0],[1.199499487876892,8.86751937866211,-8.288610458374023,1.0]]},"Hash":8675365520207489377,"Name":"class Client::CCamera_Free","Setting":{"Enable":true}},{"Component":{"Transform":[[1.0,0.0,0.0,0.0],[0.0,1.0,0.0,0.0],[0.0,0.0,1.0,0.0],[0.0,0.0,0.0,1.0]]},"Hash":3297996505304094455,"Name":"class Client::CTerrain","Setting":{"Enable":true}},{"Component":{"Model":"Boss_Varg","Transform":[[0.3809257745742798,1.8189894035458565e-12,0.9246056079864502,0.0],[-2.491007762728259e-05,1.0,1.0262632713420317e-05,0.0],[-0.9246056079864502,-2.6941299438476563e-05,0.3809257745742798,0.0],[7.855971336364746,0.0,6.939746856689453,1.0]]},"Hash":13883423221805443591,"MonsterDesc":{"IdleType_Boss":2,"IdleType_Monster":0,"MonsterType":20001},"Name":"class Client::CVarg","Setting":{"Enable":true}},{"Component":{"Model":"Mon_AxeMan","Transform":[[-0.18807469308376312,-2.1827871107826802e-11,0.9821545481681824,0.0],[-2.6460525987204164e-05,1.0,-5.066956873633899e-06,0.0],[-0.9821545481681824,-2.6941293981508352e-05,-0.18807469308376312,0.0],[5.029547691345215,0.0,11.78391170501709,1.0]]},"Hash":12933828336327676828,"MonsterDesc":{"IdleType_Boss":2,"IdleType_Monster":0,"MonsterType":1},"Name":"class Client::CNorMonster","Setting":{"Enable":true}}]}
