{"GameObject":[{"Component":{"Transform":[[-0.7071071267127991,-5.4569695116801764e-12,0.7071064710617065,0.0],[-1.9050366972805932e-05,1.0,-1.9050377886742353e-05,0.0],[-0.7071064710617065,-2.694130307645537e-05,-0.7071071267127991,0.0],[23.070871353149414,0.0,-2.2742767333984375,1.0]]},"Hash":4210656827335819103,"MonsterDesc":{"IdleType_Boss":2,"IdleType_Monster":0,"MonsterType":10001,"SectionIndex":0},"Name":"class Client::CJoker","Setting":{"Enable":true}}]}
