{"GameObject":[{"Component":{"Transform":[[-0.7889186143875122,0.06994208693504333,0.6104984879493713,0.0],[0.055265747010707855,0.99754798412323,-0.042867306619882584,0.0],[-0.6120028495788574,-7.915297464933246e-05,-0.7908535599708557,0.0],[54.68158721923828,0.0,43.25038146972656,1.0]]},"Hash":15344413937638633377,"MonsterDesc":{"IdleType_Boss":0,"IdleType_Monster":3,"MonsterType":20002,"SectionIndex":0},"Name":"class Client::CBat","Setting":{"Enable":true}}]}
