{"GameObject":[{"Component":{"Transform":[[100.0,0.0,0.0,0.0],[0.0,0.30000001192092896,8.08239019534085e-06,0.0],[0.0,-0.0026941299438476563,100.0,0.0],[42.45198059082031,-0.11000771820545197,53.526737213134766,1.0]]},"Hash":9296635668611705962,"Name":"class Client::CPhysXColliderObject","Setting":{"Enable":true}}]}
