{"GameObject":[{"Component":{"Transform":[[-1.1939074795463966e-07,-9.094947017729282e-13,0.9999998807907104,0.0],[-2.6941299438476563e-05,1.0,-2.7284841053187847e-12,0.0],[-0.9999998807907104,-2.694129761948716e-05,-1.1920928955078125e-07,0.0],[-30.997356414794922,2.739997625350952,40.540016174316406,1.0]]},"Hash":15344413937638633377,"MonsterDesc":{"IdleType_Boss":0,"IdleType_Monster":3,"MonsterType":20002,"SectionIndex":0},"Name":"class Client::CBat","Setting":{"Enable":true}}]}
