{"GameObject":[{"Component":{"Transform":[[0.9542056322097778,9.094947017729282e-12,-0.2991515100002289,0.0],[8.059521860559471e-06,1.0,2.570754077169113e-05,0.0],[0.2991515100002289,-2.6941299438476563e-05,0.9542056322097778,0.0],[59.3363151550293,0.1300000250339508,6.2897491455078125,1.0]]},"Hash":4043473753420290215,"Name":"class Client::CCorvus","Setting":{"Enable":false}},{"Component":{"Transform":[[-0.9947828054428101,1.693933014690341e-11,0.10200946778059006,0.0],[-2.7482519726618193e-06,1.0,-2.6800757041200995e-05,0.0],[-0.10200946033000946,-2.6941279429593123e-05,-0.9947827458381653,0.0],[70.99842071533203,22.370086669921875,57.05670166015625,1.0]]},"Hash":15344413937638633377,"MonsterDesc":{"IdleType_Boss":0,"IdleType_Monster":3,"MonsterType":20002,"SectionIndex":0},"Name":"class Client::CBat","Setting":{"Enable":true}}]}
