{"GameObject":[{"Component":{"Transform":[[0.462485134601593,0.0,0.8866270184516907,0.0],[-2.388688335486222e-05,1.0,1.2459950085030869e-05,0.0],[-0.8866270184516907,-2.6941299438476563e-05,0.462485134601593,0.0],[76.70533752441406,-3.7476420402526855e-06,45.54014587402344,1.0]]},"Hash":4043473753420290215,"Name":"class Client::CCorvus","Setting":{"Enable":false}},{"Component":{"Transform":[[0.11578425019979477,0.0,-0.9932743906974792,0.0],[-0.0,1.0,0.0,0.0],[0.9932743906974792,0.0,0.11578425019979477,0.0],[34.672645568847656,-3.7476420402526855e-06,40.64046859741211,1.0]]},"Hash":13883423221805443591,"MonsterDesc":{"IdleType_Boss":1,"IdleType_Monster":3,"MonsterType":20001,"SectionIndex":0},"Name":"class Client::CVarg","Setting":{"Enable":true}}]}
