{"GameObject":[{"Component":{"Transform":[[1.0,0.0,0.0,0.0],[0.0,1.0,2.6941299438476563e-05,0.0],[0.0,-2.6941299438476563e-05,1.0,0.0],[15.44676685333252,0.0,13.609766006469727,1.0]]},"Hash":12933828336327676828,"MonsterDesc":{"IdleType_Boss":2,"IdleType_Monster":0,"MonsterType":7,"SectionIndex":0},"Name":"class Client::CNorMonster","Setting":{"Enable":false}},{"Component":{"Transform":[[0.9210609793663025,1.818989620386291e-12,0.38941851258277893,0.0],[-1.0491441571502946e-05,1.0,2.4814577045617625e-05,0.0],[-0.38941851258277893,-2.6941301257465966e-05,0.9210609793663025,0.0],[18.36423683166504,0.0,13.76188850402832,1.0]]},"Hash":12933828336327676828,"MonsterDesc":{"IdleType_Boss":2,"IdleType_Monster":0,"MonsterType":4,"SectionIndex":0},"Name":"class Client::CNorMonster","Setting":{"Enable":false}},{"Component":{"Transform":[[1.0,0.0,0.0,0.0],[0.0,1.0,2.6941299438476563e-05,0.0],[0.0,-2.6941299438476563e-05,1.0,0.0],[68.80508422851563,13.239768981933594,62.903324127197266,1.0]]},"Hash":15344413937638633377,"MonsterDesc":{"IdleType_Boss":0,"IdleType_Monster":3,"MonsterType":20002,"SectionIndex":0},"Name":"class Client::CBat","Setting":{"Enable":true}}]}
