{"GameObject":[{"Component":{"Transform":[[0.9542056322097778,9.094947017729282e-12,-0.2991515100002289,0.0],[8.059521860559471e-06,1.0,2.570754077169113e-05,0.0],[0.2991515100002289,-2.6941299438476563e-05,0.9542056322097778,0.0],[59.3363151550293,0.1300000250339508,6.2897491455078125,1.0]]},"Hash":4043473753420290215,"Name":"class Client::CCorvus","Setting":{"Enable":true}},{"Component":{"Transform":[[-0.7071067094802856,0.0,0.7071068286895752,0.0],[0.0,1.0,0.0,0.0],[-0.7071068286895752,0.0,-0.7071067094802856,0.0],[55.51349639892578,0.0,54.589996337890625,1.0]]},"Hash":13883423221805443591,"MonsterDesc":{"IdleType_Boss":1,"IdleType_Monster":3,"MonsterType":20001,"SectionIndex":0},"Name":"class Client::CVarg","Setting":{"Enable":true}},{"Component":{"Transform":[[0.9542056322097778,9.094947017729282e-12,-0.2991515100002289,0.0],[8.059521860559471e-06,1.0,2.570754077169113e-05,0.0],[0.2991515100002289,-2.6941299438476563e-05,0.9542056322097778,0.0],[56.3636474609375,0.1300000250339508,29.801292419433594,1.0]]},"Hash":4210656827335819103,"MonsterDesc":{"IdleType_Boss":2,"IdleType_Monster":0,"MonsterType":10001,"SectionIndex":0},"Name":"class Client::CJoker","Setting":{"Enable":true}}]}
