{"GameObject":[{"CheckIndex":1,"Component":{"Transform":[[1.0,0.0,0.0,0.0],[0.0,1.0,2.6941299438476563e-05,0.0],[0.0,-2.6941299438476563e-05,1.0,0.0],[10.522943496704102,0.0,6.131222724914551,1.0]]},"Hash":10178373209891377349,"Invisibility":true,"Name":"class Client::CInteraction_CheckPoint","Setting":{"Enable":true}},{"CheckIndex":2,"Component":{"Transform":[[1.0,0.0,0.0,0.0],[0.0,1.0,2.6941299438476563e-05,0.0],[0.0,-2.6941299438476563e-05,1.0,0.0],[19.38924789428711,0.0,12.73189926147461,1.0]]},"Hash":10178373209891377349,"Invisibility":true,"Name":"class Client::CInteraction_CheckPoint","Setting":{"Enable":true}},{"ColliderSize":10.0,"Component":{"Transform":[[1.0,0.0,0.0,0.0],[0.0,1.0,2.6941299438476563e-05,0.0],[0.0,-2.6941299438476563e-05,1.0,0.0],[0.13171958923339844,0.0,21.154138565063477,1.0]]},"Flag":1025,"Hash":5625473776470221284,"Name":"class Client::CSection_Eventer","SectionIndex":0,"Setting":{"Enable":true}},{"Component":{"Transform":[[0.8525245785713196,9.094947017729282e-13,0.5226871371269226,0.0],[-1.4081871086091269e-05,1.0,2.2968120902078226e-05,0.0],[-0.5226871371269226,-2.6941299438476563e-05,0.8525245785713196,0.0],[17.444177627563477,0.0,2.4818429946899414,1.0]]},"Hash":8662760939278159895,"Invisibility":true,"MidSize":30,"Name":"class Client::CInteraction_Ladder","Offset":0.4000000059604645,"Setting":{"Enable":true}}]}
