{
  "GameObject": [
    {
      "Component": {
        "Transform": [
          [ 0.7838237285614014, 2.4556356947869062e-11, -0.6209834218025208, 0.0 ],
          [ 1.6730082279536873e-05, 1.0, 2.111724461428821e-05, 0.0 ],
          [ 0.6209834218025208, -2.6941299438476563e-05, 0.7838237285614014, 0.0 ],
          [ 41.12411880493164, 5.419991493225098, 55.9484977722168, 1.0 ]
        ]
      },
      "Hash": 12933828336327676828,
      "MonsterDesc": {
        "IdleType_Boss": 2,
        "IdleType_Monster": 1,
        "MonsterType": 1,
        "SectionIndex": 0
      },
      "Name": "class Client::CNorMonster",
      "Setting": { "Enable": true }
    },
    {
      "Component": {
        "Transform": [
          [ 0.7838237285614014, 2.4556356947869062e-11, -0.6209834218025208, 0.0 ],
          [ 1.6730082279536873e-05, 1.0, 2.111724461428821e-05, 0.0 ],
          [ 0.6209834218025208, -2.6941299438476563e-05, 0.7838237285614014, 0.0 ],
          [ 46.0601806640625, 5.419991493225098, 50.73619842529297, 1.0 ]
        ]
      },
      "Hash": 12933828336327676828,
      "MonsterDesc": {
        "IdleType_Boss": 2,
        "IdleType_Monster": 0,
        "MonsterType": 1,
        "SectionIndex": 0
      },
      "Name": "class Client::CNorMonster",
      "Setting": { "Enable": true }
    },
    {
      "Component": {
        "Transform": [
          [ 0.9987500905990601, 2.575006874394603e-11, 0.049982741475105286, 0.0 ],
          [ -1.3466255950334016e-06, 1.0, 2.6907624487648718e-05, 0.0 ],
          [ -0.049982741475105286, -2.6941301257465966e-05, 0.9987500905990601, 0.0 ],
          [ 47.32244873046875, 14.119993209838867, 40.30621337890625, 1.0 ]
        ]
      },
      "Hash": 12933828336327676828,
      "MonsterDesc": {
        "IdleType_Boss": 2,
        "IdleType_Monster": 0,
        "MonsterType": 1,
        "SectionIndex": 0
      },
      "Name": "class Client::CNorMonster",
      "Setting": { "Enable": true }
    },
    {
      "Component": {
        "Transform": [
          [ -0.5389671921730042, 1.818989230073509e-11, 0.8423265218734741, 0.0 ],
          [ -2.2693362552672625e-05, 1.0, -1.4520495824399404e-05, 0.0 ],
          [ -0.8423265218734741, -2.694129216251895e-05, -0.5389671921730042, 0.0 ],
          [ 54.71542739868164, 16.339988708496094, -1.1836061477661133, 1.0 ]
        ]
      },
      "Hash": 12933828336327676828,
      "MonsterDesc": {
        "IdleType_Boss": 2,
        "IdleType_Monster": 0,
        "MonsterType": 1,
        "SectionIndex": 0
      },
      "Name": "class Client::CNorMonster",
      "Setting": { "Enable": true }
    },
    {
      "Component": {
        "Transform": [
          [ -0.7049734592437744, 1.8189897504905517e-11, -0.7092337012290955, 0.0 ],
          [ 1.910768696689047e-05, 1.0, -1.8992886907653883e-05, 0.0 ],
          [ 0.7092337012290955, -2.6941301257465966e-05, -0.7049734592437744, 0.0 ],
          [ 131.97657775878906, 53.84998321533203, -10.186431884765625, 1.0 ]
        ]
      },
      "Hash": 12933828336327676828,
      "MonsterDesc": {
        "IdleType_Boss": 2,
        "IdleType_Monster": 0,
        "MonsterType": 1,
        "SectionIndex": 0
      },
      "Name": "class Client::CNorMonster",
      "Setting": { "Enable": true }
    },
    {
      "Component": {
        "Transform": [
          [ -0.5389671921730042, 1.818989230073509e-11, 0.8423265218734741, 0.0 ],
          [ -2.2693362552672625e-05, 1.0, -1.4520495824399404e-05, 0.0 ],
          [ -0.8423265218734741, -2.694129216251895e-05, -0.5389671921730042, 0.0 ],
          [ 104.30876159667969, 26.259981155395508, 9.59664249420166, 1.0 ]
        ]
      },
      "Hash": 12933828336327676828,
      "MonsterDesc": {
        "IdleType_Boss": 2,
        "IdleType_Monster": 0,
        "MonsterType": 1,
        "SectionIndex": 0
      },
      "Name": "class Client::CNorMonster",
      "Setting": { "Enable": true }
    },
    {
      "Component": {
        "Transform": [
          [ -0.4787311851978302, 2.9103830456733704e-11, 0.8779613375663757, 0.0 ],
          [ -2.365340515098069e-05, 1.0, -1.2897668057121336e-05, 0.0 ],
          [ -0.8779613375663757, -2.6941295800497755e-05, -0.4787311851978302, 0.0 ],
          [ 15.142363548278809, 0.40999117493629456, 21.408357620239258, 1.0 ]
        ]
      },
      "Hash": 4043473753420290215,
      "Name": "class Client::CCorvus",
      "Setting": { "Enable": true }
    }
  ]
}
