{"GameObject":[{"Component":{"Transform":[[1.0,0.0,0.0,0.0],[0.0,1.0,2.6941299438476563e-05,0.0],[0.0,-2.6941299438476563e-05,1.0,0.0],[77.30396270751953,3.209995985031128,42.403343200683594,1.0]]},"Hash":4043473753420290215,"Name":"class Client::CCorvus","Setting":{"Enable":false}}]}
