{"GameObject":[{"Component":{"Transform":[[-1.1939071953293023e-07,-9.094944849324937e-13,0.9999996423721313,0.0],[-2.6941299438476563e-05,1.0,-2.7284841053187847e-12,0.0],[-0.9999996423721313,-2.694129216251895e-05,-1.1920926112907182e-07,0.0],[5.8240509033203125,0.0,21.536479949951172,1.0]]},"Hash":15344413937638633377,"MonsterDesc":{"IdleType_Boss":0,"IdleType_Monster":3,"MonsterType":20002,"SectionIndex":0},"Name":"class Client::CBat","Setting":{"Enable":true}}]}
