{"GameObject":[{"Component":{"Transform":[[0.9542056322097778,9.094947017729282e-12,-0.2991515100002289,0.0],[8.059521860559471e-06,1.0,2.570754077169113e-05,0.0],[0.2991515100002289,-2.6941299438476563e-05,0.9542056322097778,0.0],[59.3363151550293,0.1300000250339508,6.2897491455078125,1.0]]},"Hash":4043473753420290215,"Name":"class Client::CCorvus","Setting":{"Enable":false}},{"Component":{"Transform":[[-0.9303674697875977,1.0004439117416997e-11,0.3666272461414337,0.0],[-9.877406228042673e-06,1.0,-2.506531927792821e-05,0.0],[-0.3666272461414337,-2.694128852454014e-05,-0.9303674697875977,0.0],[69.70198822021484,20.1700439453125,57.27573013305664,1.0]]},"Hash":15344413937638633377,"MonsterDesc":{"IdleType_Boss":0,"IdleType_Monster":3,"MonsterType":20002,"SectionIndex":0},"Name":"class Client::CBat","Setting":{"Enable":true}}]}
