{"GameObject":[{"Component":{"Transform":[[0.9542056322097778,9.094947017729282e-12,-0.2991515100002289,0.0],[8.059521860559471e-06,1.0,2.570754077169113e-05,0.0],[0.2991515100002289,-2.6941299438476563e-05,0.9542056322097778,0.0],[59.3363151550293,0.1300000250339508,6.2897491455078125,1.0]]},"Hash":4043473753420290215,"Name":"class Client::CCorvus","Setting":{"Enable":false}},{"Component":{"Transform":[[-0.9668720364570618,-1.3642421393955662e-11,0.25526162981987,0.0],[-6.877092346257996e-06,1.0,-2.6048785002785735e-05,0.0],[-0.25526162981987,-2.6941299438476563e-05,-0.9668720364570618,0.0],[63.13104248046875,25.659976959228516,63.94832992553711,1.0]]},"Hash":15344413937638633377,"MonsterDesc":{"IdleType_Boss":0,"IdleType_Monster":3,"MonsterType":20002,"SectionIndex":0},"Name":"class Client::CBat","Setting":{"Enable":true}}]}
