{"GameObject":[{"Component":{"Transform":[[-0.9967708587646484,3.4106040474463084e-13,-0.08029930293560028,0.0],[2.163368662877474e-06,1.0,-2.6854306270251982e-05,0.0],[0.08029930293560028,-2.6941295800497755e-05,-0.9967708587646484,0.0],[55.51349639892578,0.0,54.589996337890625,1.0]]},"Hash":13883423221805443591,"MonsterDesc":{"IdleType_Boss":1,"IdleType_Monster":3,"MonsterType":20001,"SectionIndex":0},"Name":"class Client::CVarg","Setting":{"Enable":true}}]}
