{"GameObject":[{"Component":{"Transform":[[-0.4727395474910736,1.4551910891558162e-11,-0.8812019228935242,0.0],[2.3740740289213136e-05,1.0,-1.2736209100694396e-05,0.0],[0.8812019228935242,-2.694129216251895e-05,-0.4727395474910736,0.0],[6.692041397094727,0.0,18.52294158935547,1.0]]},"Hash":4210656827335819103,"MonsterDesc":{"IdleType_Boss":2,"IdleType_Monster":0,"MonsterType":10001,"SectionIndex":0},"Name":"class Client::CJoker","Setting":{"Enable":true}}]}
