{"GameObject":[{"Component":{"Transform":[[1.0,0.0,0.0,0.0],[0.0,1.0,1.9311904907226563e-05,0.0],[0.0,-1.9311904907226563e-05,1.0,0.0],[75.06158447265625,0.0,41.13172149658203,1.0]]},"Hash":4043473753420290215,"Name":"class Client::CCorvus","Setting":{"Enable":true}}]}
