{"GameObject":[{"Component":{"Transform":[[-0.7660441398620605,-8.18544971387114e-12,0.6427873373031616,0.0],[-1.731753582134843e-05,1.0,-2.0638226487790234e-05,0.0],[-0.6427873373031616,-2.694128852454014e-05,-0.7660441398620605,0.0],[38.769134521484375,0.0,9.98143196105957,1.0]]},"Hash":15344413937638633377,"MonsterDesc":{"IdleType_Boss":0,"IdleType_Monster":3,"MonsterType":20002,"SectionIndex":0},"Name":"class Client::CBat","Setting":{"Enable":true}}]}
