{"GameObject":[{"Component":{"Transform":[[0.9542056322097778,9.094947017729282e-12,-0.2991515100002289,0.0],[8.059521860559471e-06,1.0,2.570754077169113e-05,0.0],[0.2991515100002289,-2.6941299438476563e-05,0.9542056322097778,0.0],[59.3363151550293,0.1300000250339508,6.2897491455078125,1.0]]},"Hash":4043473753420290215,"Name":"class Client::CCorvus","Setting":{"Enable":false}},{"Component":{"Transform":[[-0.8413430452346802,-3.09228025130448e-11,0.5405004620552063,0.0],[-1.4561818716174457e-05,1.0,-2.266686897200998e-05,0.0],[-0.5405004620552063,-2.694128306757193e-05,-0.8413430452346802,0.0],[56.57659912109375,1.5599991083145142,41.843658447265625,1.0]]},"Hash":15344413937638633377,"MonsterDesc":{"IdleType_Boss":0,"IdleType_Monster":3,"MonsterType":20002,"SectionIndex":0},"Name":"class Client::CBat","Setting":{"Enable":true}}]}
