{"EffectGroupName":"BasicHitParticle","EffectMeshCount":0,"EffectParticle":{"0":{"Diffuse_Start_UV":[0.0,0.0,0.0,0.0],"Diffuse_UV_Max":[1.0,1.0,0.0,0.0],"Diffuse_XInverse":false,"Diffuse_YInverse":false,"Discard_Ratio":0.8999999761581421,"Follow_Transform":1,"Init_Time":0.0,"Is_Looping":false,"Mask_Start_UV":[0.0,0.0,0.0,0.0],"Mask_UV_Max":[1.0,1.0,0.0,0.0],"Max_Color":[1.0,1.0,1.0,1.0],"Max_Instance":250,"Max_Limit_Speed":[14.0,0.0,0.0,0.0],"Max_Scale":[0.05000000074505806,0.05000000074505806,0.0,0.0],"Max_Scale_Force":[-0.003000000026077032,-4.999999873689376e-05,0.0,0.0],"Max_Spawn_Offset_Direction":[1.0,1.0,1.0,0.0],"Max_Spawn_Offset_Range":[0.10000000149011612,0.10000000149011612,0.10000000149011612,0.0],"Max_Spawn_Position":[0.0,0.0,0.0,0.0],"Max_Spawn_Time":0.05000000074505806,"Max_Speed":[14.0,0.0,0.0,0.0],"Max_Speed_Force":[-1.0,0.0,0.0,0.0],"Max_Start_Color":[1.0,1.0,1.0,1.0],"Max_Start_Rotation":[0.0,3.140000104904175,3.140000104904175,0.0],"Max_Start_Scale":[0.20000000298023224,0.019999999552965164,0.0,0.0],"Min_Life_Time":0.5,"Min_Limit_Speed":[0.0020000000949949026,0.0,0.0,0.0],"Min_Scale":[0.0,0.0,0.0,0.0],"Min_Scale_Force":[-0.004999999888241291,-0.00019999999494757503,0.0,0.0],"Min_Spawn_Offset_Direction":[-1.0,-1.0,-1.0,0.0],"Min_Spawn_Offset_Range":[0.0,0.0,0.0,0.0],"Min_Spawn_Position":[0.0,1.0,0.0,0.0],"Min_Spawn_Time":0.0,"Min_Speed":[12.0,0.0,0.0,0.0],"Min_Speed_Force":[-0.800000011920929,0.0,0.0,0.0],"Min_Start_Color":[1.0,1.0,1.0,1.0],"Min_Start_Rotation":[0.0,-3.140000104904175,-3.140000104904175,0.0],"Min_Start_Scale":[0.009999999776482582,0.0010000000474974513,0.0,0.0],"Name":"RectEffect.png","Noise_Start_UV":[0.0,0.0,0.0,0.0],"Noise_UV_Max":[1.0,1.0,0.0,0.0],"ParticleOption1":242,"ParticleOption2":14,"ParticleOption3":16,"ParticleOption4":0,"ParticleOption5":0,"ParticleOption6":3,"ParticleType":0,"Render_Group":7,"ShaderPassIndex":1,"Start_Glow_Color":[0.0,1.0,0.4424999952316284,0.5],"Sync_Animation":false,"Sync_AnimationKey":3,"UV_Diffuse_Index":0,"UV_Mask_Index":1,"UV_Noise_Index":0},"1":{"Diffuse_Start_UV":[0.0,0.0,0.0,0.0],"Diffuse_UV_Max":[1.0,1.0,0.0,0.0],"Diffuse_XInverse":false,"Diffuse_YInverse":false,"Discard_Ratio":0.8999999761581421,"Follow_Transform":1,"Gravity_Force":[0.0,0.019999999552965164,0.0,0.0],"Init_Time":0.0,"Is_Looping":false,"Mask_Start_UV":[0.0,0.0,0.0,0.0],"Mask_UV_Max":[1.0,1.0,0.0,0.0],"Max_Color":[1.0,1.0,1.0,1.0],"Max_Instance":100,"Max_Limit_Speed":[12.0,0.0,0.0,0.0],"Max_Rotation":[0.0,1.0,1.0,0.0],"Max_Rotation_Speed":[0.0,1.0,1.0,0.0],"Max_Scale":[0.05000000074505806,0.05000000074505806,0.0,0.0],"Max_Scale_Force":[-0.00019999999494757503,0.0,0.0,0.0],"Max_Spawn_Offset_Direction":[1.0,1.0,1.0,0.0],"Max_Spawn_Offset_Range":[0.10000000149011612,0.10000000149011612,0.10000000149011612,0.0],"Max_Spawn_Position":[0.0,0.0,0.0,0.0],"Max_Spawn_Time":0.05000000074505806,"Max_Speed":[12.0,0.0,0.0,0.0],"Max_Speed_Force":[-0.800000011920929,0.0,0.0,0.0],"Max_Start_Color":[1.0,1.0,1.0,1.0],"Max_Start_Rotation":[0.0,3.140000104904175,3.140000104904175,0.0],"Max_Start_Scale":[0.05000000074505806,0.05000000074505806,0.0,0.0],"Min_Life_Time":2.0,"Min_Limit_Speed":[0.0010000000474974513,0.0,0.0,0.0],"Min_Rotation":[0.0,0.0,0.0,0.0],"Min_Rotation_Speed":[0.0,0.0,0.0,0.0],"Min_Scale":[0.0,0.0,0.0,0.0],"Min_Scale_Force":[-0.00039999998989515007,0.0,0.0,0.0],"Min_Spawn_Offset_Direction":[-1.0,-1.0,-1.0,0.0],"Min_Spawn_Offset_Range":[0.0,0.0,0.0,0.0],"Min_Spawn_Position":[0.0,1.0,0.0,0.0],"Min_Spawn_Time":0.0,"Min_Speed":[8.0,0.0,0.0,0.0],"Min_Speed_Force":[-0.4000000059604645,0.0,0.0,0.0],"Min_Start_Color":[0.6600000262260437,1.0,0.8460000157356262,1.0],"Min_Start_Rotation":[0.0,-3.140000104904175,-3.140000104904175,0.0],"Min_Start_Scale":[0.009999999776482582,0.009999999776482582,0.0,0.0],"Name":"RectEffect.png","Noise_Start_UV":[0.0,0.0,0.0,0.0],"Noise_UV_Max":[1.0,1.0,0.0,0.0],"ParticleOption1":242,"ParticleOption2":95,"ParticleOption3":16,"ParticleOption4":0,"ParticleOption5":0,"ParticleOption6":3,"ParticleType":0,"Render_Group":7,"ShaderPassIndex":1,"Start_Glow_Color":[0.0,1.0,0.5,0.25],"Sync_Animation":false,"Sync_AnimationKey":3,"UV_Diffuse_Index":0,"UV_Mask_Index":1,"UV_Noise_Index":0},"2":{"Diffuse_Start_UV":[0.0,0.0,0.0,0.0],"Diffuse_UV_Max":[1.0,1.0,0.0,0.0],"Diffuse_XInverse":false,"Diffuse_YInverse":false,"Discard_Ratio":0.8999999761581421,"Follow_Transform":1,"Init_Time":0.0,"Is_Looping":false,"Mask_Start_UV":[0.0,0.0,0.0,0.0],"Mask_UV_Max":[1.0,1.0,0.0,0.0],"Max_Color":[1.0,1.0,1.0,1.0],"Max_Instance":250,"Max_Limit_Speed":[14.0,0.0,0.0,0.0],"Max_Scale":[0.05000000074505806,0.05000000074505806,0.0,0.0],"Max_Scale_Force":[-0.003000000026077032,-4.999999873689376e-05,0.0,0.0],"Max_Spawn_Offset_Direction":[1.0,1.0,1.0,0.0],"Max_Spawn_Offset_Range":[0.10000000149011612,0.10000000149011612,0.10000000149011612,0.0],"Max_Spawn_Position":[0.0,0.0,0.0,0.0],"Max_Spawn_Time":0.05000000074505806,"Max_Speed":[14.0,0.0,0.0,0.0],"Max_Speed_Force":[-1.0,0.0,0.0,0.0],"Max_Start_Color":[1.0,1.2170000076293945,1.0169999599456787,1.0],"Max_Start_Rotation":[0.0,3.140000104904175,3.140000104904175,0.0],"Max_Start_Scale":[0.20000000298023224,0.019999999552965164,0.0,0.0],"Min_Life_Time":0.5,"Min_Limit_Speed":[0.0020000000949949026,0.0,0.0,0.0],"Min_Scale":[0.0,0.0,0.0,0.0],"Min_Scale_Force":[-0.004999999888241291,-0.00019999999494757503,0.0,0.0],"Min_Spawn_Offset_Direction":[-1.0,-1.0,-1.0,0.0],"Min_Spawn_Offset_Range":[0.0,0.0,0.0,0.0],"Min_Spawn_Position":[0.0,1.0,0.0,0.0],"Min_Spawn_Time":0.0,"Min_Speed":[12.0,0.0,0.0,0.0],"Min_Speed_Force":[-0.800000011920929,0.0,0.0,0.0],"Min_Start_Color":[1.0,1.0,1.0,1.0],"Min_Start_Rotation":[0.0,-3.140000104904175,-3.140000104904175,0.0],"Min_Start_Scale":[0.009999999776482582,0.0010000000474974513,0.0,0.0],"Name":"RectEffect.png","Noise_Start_UV":[0.0,0.0,0.0,0.0],"Noise_UV_Max":[1.0,1.0,0.0,0.0],"ParticleOption1":242,"ParticleOption2":14,"ParticleOption3":16,"ParticleOption4":0,"ParticleOption5":0,"ParticleOption6":3,"ParticleType":0,"Render_Group":7,"ShaderPassIndex":1,"Start_Glow_Color":[1.0,1.0,1.0,0.5],"Sync_Animation":false,"Sync_AnimationKey":3,"UV_Diffuse_Index":0,"UV_Mask_Index":1,"UV_Noise_Index":0}},"EffectParticleCount":3}
