{"EffectGroupName":"Bat_AtkR_01_2b_Trail","EffectMeshCount":0,"EffectParticle":{"0":{"Bone_Name":"Bip001-R-Finger1Nub","Diffuse_Start_UV":[0.0,0.0,0.0,0.0],"Diffuse_UV_Max":[1.0,1.0,0.0,0.0],"Diffuse_XInverse":false,"Diffuse_YInverse":false,"Discard_Ratio":0.8999999761581421,"Follow_Transform":1,"Init_Time":0.0,"Is_Looping":false,"Mask_Start_UV":[0.0,0.0,0.0,0.0],"Mask_UV_Max":[1.0,1.0,0.0,0.0],"Max_Color":[1.0,1.0,1.0,1.0],"Max_Instance":250,"Max_Limit_Speed":[0.0,0.0,15.0,0.0],"Max_Rotation":[1.0,1.0,1.0,0.0],"Max_Rotation_Speed":[1.0,1.0,1.0,0.0],"Max_Scale":[1.0,1.0,0.0,0.0],"Max_Scale_Force":[-0.0010000000474974513,0.0,0.0,0.0],"Max_Spawn_Time":0.4000000059604645,"Max_Speed":[0.0,0.0,15.0,0.0],"Max_Speed_Force":[0.0,0.0,-2.0,0.0],"Max_Start_Color":[0.6666666269302368,0.0,0.0,1.0],"Max_Start_Rotation":[3.140000104904175,3.140000104904175,3.140000104904175,0.0],"Max_Start_Scale":[0.10000000149011612,1.0,0.0,0.0],"Max_Y_Scale_Ratio":1.25,"Min_Life_Time":1.0,"Min_Limit_Speed":[0.0,0.0,0.0010000000474974513,0.0],"Min_Rotation":[-1.0,-1.0,-1.0,0.0],"Min_Rotation_Speed":[-1.0,-1.0,-1.0,0.0],"Min_Scale":[0.0,0.0,0.0,0.0],"Min_Scale_Force":[-0.0010000000474974513,0.0,0.0,0.0],"Min_Spawn_Offset_Direction":[0.0,0.0,0.0,0.0],"Min_Spawn_Offset_Range":[0.0,0.0,0.0,0.0],"Min_Spawn_Position":[0.0,0.0,0.0,0.0],"Min_Spawn_Time":0.0,"Min_Speed":[0.0,0.0,0.0,0.0],"Min_Speed_Force":[0.0,0.0,-2.0,0.0],"Min_Start_Color":[0.6666666269302368,0.0,0.0,1.0],"Min_Start_Rotation":[-3.140000104904175,-3.140000104904175,-3.140000104904175,0.0],"Min_Start_Scale":[0.05000000074505806,1.0,0.0,0.0],"Min_Y_Scale_Ratio":0.75,"Name":"RectEffect.png","Noise_Start_UV":[0.0,0.0,0.0,0.0],"Noise_UV_Max":[1.0,1.0,0.0,0.0],"ParticleOption1":138,"ParticleOption2":86,"ParticleOption3":18,"ParticleOption4":0,"ParticleOption5":0,"ParticleOption6":3,"ParticleType":3,"Render_Group":7,"ShaderPassIndex":1,"Start_Glow_Color":[0.7280701398849487,0.0,0.0,0.4000000059604645],"Sync_Animation":false,"Sync_AnimationKey":60,"UV_Diffuse_Index":0,"UV_Mask_Index":1,"UV_Noise_Index":0},"1":{"Bone_Name":"Bip001-R-Finger1Nub","Diffuse_Start_UV":[0.0,0.0,0.0,0.0],"Diffuse_UV_Max":[1.0,1.0,0.0,0.0],"Diffuse_XInverse":false,"Diffuse_YInverse":false,"Discard_Ratio":0.8999999761581421,"Follow_Transform":1,"Init_Time":0.0,"Is_Looping":false,"Mask_Start_UV":[0.0,0.0,0.0,0.0],"Mask_UV_Max":[1.0,1.0,0.0,0.0],"Max_Color":[1.0,1.0,1.0,1.0],"Max_Instance":250,"Max_Limit_Speed":[0.0,0.0,15.0,0.0],"Max_Rotation":[1.0,1.0,1.0,0.0],"Max_Rotation_Speed":[1.0,1.0,1.0,0.0],"Max_Scale":[1.0,1.0,0.0,0.0],"Max_Scale_Force":[-0.0010000000474974513,0.0,0.0,0.0],"Max_Spawn_Time":0.4000000059604645,"Max_Speed":[0.0,0.0,15.0,0.0],"Max_Speed_Force":[0.0,0.0,-2.0,0.0],"Max_Start_Color":[0.0,0.0,0.0,1.0],"Max_Start_Rotation":[3.140000104904175,3.140000104904175,3.140000104904175,0.0],"Max_Start_Scale":[0.10000000149011612,1.0,0.0,0.0],"Max_Y_Scale_Ratio":1.25,"Min_Life_Time":1.0,"Min_Limit_Speed":[0.0,0.0,0.0010000000474974513,0.0],"Min_Rotation":[-1.0,-1.0,-1.0,0.0],"Min_Rotation_Speed":[-1.0,-1.0,-1.0,0.0],"Min_Scale":[0.0,0.0,0.0,0.0],"Min_Scale_Force":[-0.0010000000474974513,0.0,0.0,0.0],"Min_Spawn_Offset_Direction":[0.0,0.0,0.0,0.0],"Min_Spawn_Offset_Range":[0.0,0.0,0.0,0.0],"Min_Spawn_Position":[0.0,0.0,0.0,0.0],"Min_Spawn_Time":0.0,"Min_Speed":[0.0,0.0,0.0,0.0],"Min_Speed_Force":[0.0,0.0,-2.0,0.0],"Min_Start_Color":[0.0,0.0,0.0,1.0],"Min_Start_Rotation":[-3.140000104904175,-3.140000104904175,-3.140000104904175,0.0],"Min_Start_Scale":[0.05000000074505806,1.0,0.0,0.0],"Min_Y_Scale_Ratio":0.75,"Name":"RectEffect.png","Noise_Start_UV":[0.0,0.0,0.0,0.0],"Noise_UV_Max":[1.0,1.0,0.0,0.0],"ParticleOption1":138,"ParticleOption2":86,"ParticleOption3":18,"ParticleOption4":0,"ParticleOption5":0,"ParticleOption6":3,"ParticleType":3,"Render_Group":7,"ShaderPassIndex":1,"Start_Glow_Color":[0.0,0.0,0.0,1.0],"Sync_Animation":false,"Sync_AnimationKey":60,"UV_Diffuse_Index":0,"UV_Mask_Index":1,"UV_Noise_Index":0},"2":{"Bone_Name":"Bip001-R-Finger2Nub","Diffuse_Start_UV":[0.0,0.0,0.0,0.0],"Diffuse_UV_Max":[1.0,1.0,0.0,0.0],"Diffuse_XInverse":false,"Diffuse_YInverse":false,"Discard_Ratio":0.8999999761581421,"Follow_Transform":1,"Init_Time":0.0,"Is_Looping":false,"Mask_Start_UV":[0.0,0.0,0.0,0.0],"Mask_UV_Max":[1.0,1.0,0.0,0.0],"Max_Color":[1.0,1.0,1.0,1.0],"Max_Instance":250,"Max_Limit_Speed":[0.0,0.0,15.0,0.0],"Max_Rotation":[1.0,1.0,1.0,0.0],"Max_Rotation_Speed":[1.0,1.0,1.0,0.0],"Max_Scale":[1.0,1.0,0.0,0.0],"Max_Scale_Force":[-0.0010000000474974513,0.0,0.0,0.0],"Max_Spawn_Time":0.4000000059604645,"Max_Speed":[0.0,0.0,15.0,0.0],"Max_Speed_Force":[0.0,0.0,-2.0,0.0],"Max_Start_Color":[0.6666666269302368,0.0,0.0,1.0],"Max_Start_Rotation":[3.140000104904175,3.140000104904175,3.140000104904175,0.0],"Max_Start_Scale":[0.10000000149011612,1.0,0.0,0.0],"Max_Y_Scale_Ratio":1.25,"Min_Life_Time":1.0,"Min_Limit_Speed":[0.0,0.0,0.0010000000474974513,0.0],"Min_Rotation":[-1.0,-1.0,-1.0,0.0],"Min_Rotation_Speed":[-1.0,-1.0,-1.0,0.0],"Min_Scale":[0.0,0.0,0.0,0.0],"Min_Scale_Force":[-0.0010000000474974513,0.0,0.0,0.0],"Min_Spawn_Offset_Direction":[0.0,0.0,0.0,0.0],"Min_Spawn_Offset_Range":[0.0,0.0,0.0,0.0],"Min_Spawn_Position":[0.0,0.0,0.0,0.0],"Min_Spawn_Time":0.0,"Min_Speed":[0.0,0.0,0.0,0.0],"Min_Speed_Force":[0.0,0.0,-2.0,0.0],"Min_Start_Color":[0.6666666269302368,0.0,0.0,1.0],"Min_Start_Rotation":[-3.140000104904175,-3.140000104904175,-3.140000104904175,0.0],"Min_Start_Scale":[0.05000000074505806,1.0,0.0,0.0],"Min_Y_Scale_Ratio":0.75,"Name":"RectEffect.png","Noise_Start_UV":[0.0,0.0,0.0,0.0],"Noise_UV_Max":[1.0,1.0,0.0,0.0],"ParticleOption1":138,"ParticleOption2":86,"ParticleOption3":18,"ParticleOption4":0,"ParticleOption5":0,"ParticleOption6":3,"ParticleType":3,"Render_Group":7,"ShaderPassIndex":1,"Start_Glow_Color":[0.7280701398849487,0.0,0.0,0.4000000059604645],"Sync_Animation":false,"Sync_AnimationKey":60,"UV_Diffuse_Index":0,"UV_Mask_Index":1,"UV_Noise_Index":0},"3":{"Bone_Name":"Bip001-R-Finger2Nub","Diffuse_Start_UV":[0.0,0.0,0.0,0.0],"Diffuse_UV_Max":[1.0,1.0,0.0,0.0],"Diffuse_XInverse":false,"Diffuse_YInverse":false,"Discard_Ratio":0.8999999761581421,"Follow_Transform":1,"Init_Time":0.0,"Is_Looping":false,"Mask_Start_UV":[0.0,0.0,0.0,0.0],"Mask_UV_Max":[1.0,1.0,0.0,0.0],"Max_Color":[1.0,1.0,1.0,1.0],"Max_Instance":250,"Max_Limit_Speed":[0.0,0.0,15.0,0.0],"Max_Rotation":[1.0,1.0,1.0,0.0],"Max_Rotation_Speed":[1.0,1.0,1.0,0.0],"Max_Scale":[1.0,1.0,0.0,0.0],"Max_Scale_Force":[-0.0010000000474974513,0.0,0.0,0.0],"Max_Spawn_Time":0.4000000059604645,"Max_Speed":[0.0,0.0,15.0,0.0],"Max_Speed_Force":[0.0,0.0,-2.0,0.0],"Max_Start_Color":[0.0,0.0,0.0,1.0],"Max_Start_Rotation":[3.140000104904175,3.140000104904175,3.140000104904175,0.0],"Max_Start_Scale":[0.10000000149011612,1.0,0.0,0.0],"Max_Y_Scale_Ratio":1.25,"Min_Life_Time":1.0,"Min_Limit_Speed":[0.0,0.0,0.0010000000474974513,0.0],"Min_Rotation":[-1.0,-1.0,-1.0,0.0],"Min_Rotation_Speed":[-1.0,-1.0,-1.0,0.0],"Min_Scale":[0.0,0.0,0.0,0.0],"Min_Scale_Force":[-0.0010000000474974513,0.0,0.0,0.0],"Min_Spawn_Offset_Direction":[0.0,0.0,0.0,0.0],"Min_Spawn_Offset_Range":[0.0,0.0,0.0,0.0],"Min_Spawn_Position":[0.0,0.0,0.0,0.0],"Min_Spawn_Time":0.0,"Min_Speed":[0.0,0.0,0.0,0.0],"Min_Speed_Force":[0.0,0.0,-2.0,0.0],"Min_Start_Color":[0.0,0.0,0.0,1.0],"Min_Start_Rotation":[-3.140000104904175,-3.140000104904175,-3.140000104904175,0.0],"Min_Start_Scale":[0.05000000074505806,1.0,0.0,0.0],"Min_Y_Scale_Ratio":0.75,"Name":"RectEffect.png","Noise_Start_UV":[0.0,0.0,0.0,0.0],"Noise_UV_Max":[1.0,1.0,0.0,0.0],"ParticleOption1":138,"ParticleOption2":86,"ParticleOption3":18,"ParticleOption4":0,"ParticleOption5":0,"ParticleOption6":3,"ParticleType":3,"Render_Group":7,"ShaderPassIndex":1,"Start_Glow_Color":[0.0,0.0,0.0,1.0],"Sync_Animation":false,"Sync_AnimationKey":60,"UV_Diffuse_Index":0,"UV_Mask_Index":1,"UV_Noise_Index":0},"4":{"Bone_Name":"Bip001-R-Finger3Nub","Diffuse_Start_UV":[0.0,0.0,0.0,0.0],"Diffuse_UV_Max":[1.0,1.0,0.0,0.0],