{"EffectGroupName":"ChairEffect_Activate","EffectMeshCount":0,"EffectParticle":{"0":{"Diffuse_Start_UV":[0.0,0.0,0.0,0.0],"Diffuse_UV_Max":[1.0,1.0,0.0,0.0],"Diffuse_XInverse":false,"Diffuse_YInverse":false,"Discard_Ratio":0.8999999761581421,"Follow_Transform":0,"Gravity_Force":[0.0,0.10000000149011612,0.0,0.0],"Init_Time":0.0,"Is_Looping":true,"Mask_Start_UV":[0.0,0.0,0.0,0.0],"Mask_UV_Max":[1.0,1.0,0.0,0.0],"Max_Color":[1.0,1.0,1.0,1.0],"Max_Instance":1000,"Max_Limit_Speed":[0.0,0.0,0.05000000074505806,0.0],"Max_Rotation":[0.0,3.140000104904175,0.0,0.0],"Max_Rotation_Speed":[0.0,3.140000104904175,0.0,0.0],"Max_Scale":[1.0,1.0,0.0,0.0],"Max_Scale_Force":[-9.999999747378752e-05,-9.999999747378752e-05,0.0,0.0],"Max_Spawn_Offset_Direction":[1.0,1.0,1.0,0.0],"Max_Spawn_Time":2.0,"Max_Speed":[0.0,0.0,0.05000000074505806,0.0],"Max_Start_Color":[1.0,1.0,1.0,1.0],"Max_Start_Rotation":[0.0,0.0,0.0,0.0],"Max_Start_Scale":[0.03999999910593033,0.03999999910593033,0.0,0.0],"Min_Life_Time":2.0,"Min_Limit_Speed":[0.0,0.0,-0.05000000074505806,0.0],"Min_Rotation":[0.0,-3.140000104904175,0.0,0.0],"Min_Rotation_Speed":[0.0,-3.140000104904175,0.0,0.0],"Min_Scale":[0.0,0.0,0.0,0.0],"Min_Scale_Force":[-0.0005000000237487257,-0.0005000000237487257,0.0,0.0],"Min_Spawn_Offset_Direction":[-1.0,-1.0,-1.0,0.0],"Min_Spawn_Offset_Range":[0.6499999761581421,0.0,0.0,0.0],"Min_Spawn_Position":[0.0,0.05000000074505806,-0.05000000074505806,0.0],"Min_Spawn_Time":0.0,"Min_Speed":[0.0,0.0,-0.05000000074505806,0.0],"Min_Start_Color":[1.0,1.0,1.0,1.0],"Min_Start_Rotation":[0.0,0.0,0.0,0.0],"Min_Start_Scale":[0.003000000026077032,0.003000000026077032,0.0,0.0],"Name":"RectEffect.png","Noise_Start_UV":[0.0,0.0,0.0,0.0],"Noise_UV_Max":[1.0,1.0,0.0,0.0],"ParticleOption1":162,"ParticleOption2":83,"ParticleOption3":17,"ParticleOption4":0,"ParticleOption5":0,"ParticleOption6":3,"ParticleType":3,"Render_Group":8,"ShaderPassIndex":1,"Start_Glow_Color":[0.0,1.0,0.7000000476837158,0.5],"Sync_Animation":false,"Sync_AnimationKey":-1,"UV_Diffuse_Index":0,"UV_Mask_Index":1,"UV_Noise_Index":0}},"EffectParticleCount":1}
