{"EffectGroupName":"CheckPointChair_Loop","EffectMeshCount":0,"EffectParticle":{"0":{"Diffuse_Start_UV":[0.0,0.0,0.0,0.0],"Diffuse_UV_Max":[1.0,1.0,0.0,0.0],"Diffuse_XInverse":false,"Diffuse_YInverse":false,"Discard_Ratio":0.8999999761581421,"Follow_Transform":0,"Gravity_Force":[0.0,0.4000000059604645,0.0,0.0],"Init_Time":0.0,"Is_Looping":true,"Mask_Start_UV":[0.0,0.0,0.0,0.0],"Mask_UV_Max":[1.0,1.0,0.0,0.0],"Max_Color":[1.0,1.0,1.0,1.0],"Max_Instance":100,"Max_Limit_Speed":[0.0,0.0,0.5,0.0],"Max_Rotation":[1.0,1.0,1.0,0.0],"Max_Scale":[1.0,1.0,0.0,0.0],"Max_Scale_Force":[-9.999999747378752e-05,-9.999999747378752e-05,0.0,0.0],"Max_Spawn_Position":[0.3499999940395355,0.009999999776482582,0.4000000059604645,0.0],"Max_Spawn_Time":5.0,"Max_Start_Color":[1.0,1.0,1.0,1.0],"Max_Start_Rotation":[0.0,0.0,0.0,0.0],"Max_Start_Scale":[0.05000000074505806,0.05000000074505806,0.0,0.0],"Min_Life_Time":5.0,"Min_Limit_Speed":[0.0,0.0,0.0,0.0],"Min_Rotation":[-1.0,-1.0,-1.0,0.0],"Min_Scale":[0.0,0.0,0.0,0.0],"Min_Scale_Force":[-0.0010000000474974513,-0.0010000000474974513,0.0,0.0],"Min_Spawn_Offset_Direction":[0.0,0.0,0.0,0.0],"Min_Spawn_Offset_Range":[0.0,0.0,0.0,0.0],"Min_Spawn_Position":[0.3499999940395355,0.009999999776482582,-0.44999998807907104,0.0],"Min_Spawn_Time":0.0,"Min_Start_Color":[1.0,1.0,1.0,1.0],"Min_Start_Rotation":[0.0,0.0,0.0,0.0],"Min_Start_Scale":[0.009999999776482582,0.009999999776482582,0.0,0.0],"Name":"RectEffect.png","Noise_Start_UV":[0.0,0.0,0.0,0.0],"Noise_UV_Max":[1.0,1.0,0.0,0.0],"ParticleOption1":146,"ParticleOption2":65,"ParticleOption3":17,"ParticleOption4":0,"ParticleOption5":0,"ParticleOption6":3,"ParticleType":3,"Render_Group":7,"ShaderPassIndex":1,"Start_Glow_Color":[0.0,1.0,0.6999998092651367,0.5],"Sync_Animation":false,"Sync_AnimationKey":-1,"UV_Diffuse_Index":0,"UV_Mask_Index":1,"UV_Noise_Index":0},"1":{"Diffuse_Start_UV":[0.0,0.0,0.0,0.0],"Diffuse_UV_Max":[1.0,1.0,0.0,0.0],"Diffuse_XInverse":false,"Diffuse_YInverse":false,"Discard_Ratio":0.8999999761581421,"Follow_Transform":0,"Gravity_Force":[0.0,0.4000000059604645,0.0,0.0],"Init_Time":0.0,"Is_Looping":true,"Mask_Start_UV":[0.0,0.0,0.0,0.0],"Mask_UV_Max":[1.0,1.0,0.0,0.0],"Max_Color":[1.0,1.0,1.0,1.0],"Max_Instance":100,"Max_Limit_Speed":[0.0,0.0,0.5,0.0],"Max_Rotation":[1.0,1.0,1.0,0.0],"Max_Scale":[1.0,1.0,0.0,0.0],"Max_Scale_Force":[-9.999999747378752e-05,-9.999999747378752e-05,0.0,0.0],"Max_Spawn_Position":[-0.3499999940395355,0.009999999776482582,0.4000000059604645,0.0],"Max_Spawn_Time":5.0,"Max_Start_Color":[1.0,1.0,1.0,1.0],"Max_Start_Rotation":[0.0,0.0,0.0,0.0],"Max_Start_Scale":[0.05000000074505806,0.05000000074505806,0.0,0.0],"Min_Life_Time":5.0,"Min_Limit_Speed":[0.0,0.0,0.0,0.0],"Min_Rotation":[-1.0,-1.0,-1.0,0.0],"Min_Scale":[0.0,0.0,0.0,0.0],"Min_Scale_Force":[-0.0010000000474974513,-0.0010000000474974513,0.0,0.0],"Min_Spawn_Offset_Direction":[0.0,0.0,0.0,0.0],"Min_Spawn_Offset_Range":[0.0,0.0,0.0,0.0],"Min_Spawn_Position":[-0.3499999940395355,0.009999999776482582,-0.44999998807907104,0.0],"Min_Spawn_Time":0.0,"Min_Start_Color":[1.0,1.0,1.0,1.0],"Min_Start_Rotation":[0.0,0.0,0.0,0.0],"Min_Start_Scale":[0.009999999776482582,0.009999999776482582,0.0,0.0],"Name":"RectEffect.png","Noise_Start_UV":[0.0,0.0,0.0,0.0],"Noise_UV_Max":[1.0,1.0,0.0,0.0],"ParticleOption1":146,"ParticleOption2":65,"ParticleOption3":17,"ParticleOption4":0,"ParticleOption5":0,"ParticleOption6":3,"ParticleType":3,"Render_Group":7,"ShaderPassIndex":1,"Start_Glow_Color":[0.0,1.0,0.6999998092651367,0.5],"Sync_Animation":false,"Sync_AnimationKey":-1,"UV_Diffuse_Index":0,"UV_Mask_Index":1,"UV_Noise_Index":0},"2":{"Diffuse_Start_UV":[0.0,0.0,0.0,0.0],"Diffuse_UV_Max":[1.0,1.0,0.0,0.0],"Diffuse_XInverse":false,"Diffuse_YInverse":false,"Discard_Ratio":0.8999999761581421,"Follow_Transform":0,"Gravity_Force":[0.0,0.4000000059604645,0.0,0.0],"Init_Time":0.0,"Is_Looping":true,"Mask_Start_UV":[0.0,0.0,0.0,0.0],"Mask_UV_Max":[1.0,1.0,0.0,0.0],"Max_Color":[1.0,1.0,1.0,1.0],"Max_Instance":100,"Max_Limit_Speed":[0.0,0.0,0.5,0.0],"Max_Rotation":[1.0,1.0,1.0,0.0],"Max_Scale":[1.0,1.0,0.0,0.0],"Max_Scale_Force":[-9.999999747378752e-05,-9.999999747378752e-05,0.0,0.0],"Max_Spawn_Position":[0.3499999940395355,0.009999999776482582,-0.44999998807907104,0.0],"Max_Spawn_Time":5.0,"Max_Start_Color":[1.0,1.0,1.0,1.0],"Max_Start_Rotation":[0.0,0.0,0.0,0.0],"Max_Start_Scale":[0.05000000074505806,0.05000000074505806,0.0,0.0],"Min_Life_Time":5.0,"Min_Limit_Speed":[0.0,0.0,0.0,0.0],"Min_Rotation":[-1.0,-1.0,-1.0,0.0],"Min_Scale":[0.0,0.0,0.0,0.0],"Min_Scale_Force":[-0.0010000000474974513,-0.0010000000474974513,0.0,0.0],"Min_Spawn_Offset_Direction":[0.0,0.0,0.0,0.0],"Min_Spawn_Offset_Range":[0.0,0.0,0.0,0.0],"Min_Spawn_Position":[-0.3499999940395355,0.009999999776482582,-0.44999998807907104,0.0],"Min_Spawn_Time":0.0,"Min_Start_Color":[1.0,1.0,1.0,1.0],"Min_Start_Rotation":[0.0,0.0,0.0,0.0],"Min_Start_Scale":[0.009999999776482582,0.009999999776482582,0.0,0.0],"Name":"RectEffect.png","Noise_Start_UV":[0.0,0.0,0.0,0.0],"Noise_UV_Max":[1.0,1.0,0.0,0.0],"ParticleOption1":146,"ParticleOption2":65,"ParticleOption3":17,"ParticleOption4":0,"ParticleOption5":0,"ParticleOption6":3,"ParticleType":3,"Render_Group":7,"ShaderPassIndex":1,"Start_Glow_Color":[0.0,1.0,0.6999998092651367,0.5],"Sync_Animation":false,"Sync_AnimationKey":-1,"UV_Diffuse_Index":0,"UV_Mask_Index":1,"UV_Noise_Index":0},"3":{"Diffuse_Start_UV":[0.0,0.0,0.0,0.0],"Diffuse_UV_Max":[1.0,1.0,0.0,0.0],"Diffuse_XInverse":false,"Diffuse_YInverse":false,"Discard_Ratio":0.8999999761581421,"Follow_Transform":0,"Gravity_Force":[0.0,0.4000000059604645,0.0,0.0],"Init_Time":0.0,"Is_Looping":true,"Mask_Start_UV":[0.0,0.0,0.0,0.0],"Mask_UV_Max":[1.0,1.0,0.0,0.0],"Max_Color":[1.0,1.0,1.0,1.0],"Max_Instance":100,"Max_Limit_Speed":[0.0,0.0,0.5,0.0],"Max_Rotation":[1.0,1.0,1.0,0.0],"Max_Scale":[1.0,1.0,0.0,0.0],"Max_Scale_Force":[-9.999999747378752e-05,-9.999999747378752e-05,0.0,0.0],"Max_Spawn_Position":[0.3499999940395355,0.009999999776482582,0.4000000059604645,0.0],"Max_Spawn_Time":5.0,"Max_Start_Color":[1.0,1.0,1.0,1.0],"Max_Start_Rotation":[0.0,0.0,0.0,0.0],"Max_Start_Scale":[0.05000000074505806,0.05000000074505806,0.0,0.0],"Min_Life_Time":5.0,"Min_Limit_Speed":[0.0,0.0,0.0,0.0],"Min_Rotation":[-1.0,-1.0,-1.0,0.0],"Min_Scale":[0.0,0.0,0.0,0.0],"Min_Scale_Force":[-0.0010000000474974513,-0.0010000000474974513,0.0,0.0],"Min_Spawn_Offset_Direction":[0.0,0.0,0.0,0.0],"Min_Spawn_Offset_Range":[0.0,0.0,0.0,0.0],"Min_Spawn_Position":[-0.3499999940395355,0.009999999776482582,0.4000000059604645,0.0],"Min_Spawn_Time":0.0,"Min_Start_Color":[1.0,1.0,1.0,1.0],"Min_Start_Rotation":[0.0,0.0,0.0,0.0],"Min_Start_Scale":[0.009999999776482582,0.009999999776482582,0.0,0.0],"Name":"RectEffect.png","Noise_Start_UV":[0.0,0.0,0.0,0.0],"Noise_UV_Max":[1.0,1.0,0.0,0.0],"ParticleOption1":146,"ParticleOption2":65,"ParticleOption3":17,"ParticleOption4":0,"ParticleOption5":0,"ParticleOption6":3,"ParticleType":3,"Render_Group":7,"ShaderPassIndex":1,"Start_Glow_Color":[0.0,1.0,0.6999998092651367,0.5],"Sync_Animation":false,"Sync_AnimationKey":-1,"UV_Diffuse_Index":0,"UV_Mask_Index":1,"UV_Noise_Index":0},"4":{"Diffuse_Start_UV":[0.0,0.0,0.0,0.0],"Diffuse_UV_Max":[1.0,1.0,0.0,0.0],"Diffuse_XInverse":false,"Diffuse_YInverse":false,"Discard_Ratio":0.8999999761581421,"Follow_Transform":0,"Gravity_Force":[0.0,0.4000000059604645,0.0,0.0],"Init_Time":0.0,"Is_Looping":true,"Mask_Start_UV":[0.0,0.0,0.0,0.0],"Mask_UV_Max":[1.0,1.0,0.0,0.0],"Max_Color":[1.0,1.0,1.0,1.0],"Max_Instance":100,"Max_Limit_Speed":[0.0,0.0,0.5,0.0],"Max_Rotation":[1.0,1.0,1.0,0.0],"Max_Scale":[1.0,1.0,0.0,0.0],"Max_Scale_Force":[-9.999999747378752e-05,-9.999999747378752e-05,0.0,0.0],"Max_Spawn_Position":[0.3499999940395355,0.009999999776482582,0.4000000059604645,0.0],"Max_Spawn_Time":5.0,"Max_Start_Color":[1.0,1.0,1.0,1.0],"Max_Start_Rotation":[0.0,0.0,0.0,0.0],"Max_Start_Scale":[0.05000000074505806,0.05000000074505806,0.0,0.0],"Min_Life_Time":5.0,