{"EffectGroupName":"Corvus_PW_VargSword_B_FirstImpact","EffectMeshCount":0,"EffectParticle":{"0":{"Diffuse_Start_UV":[0.0,0.0,0.0,0.0],"Diffuse_UV_Force":[0.0,0.0,0.0,0.0],"Diffuse_UV_Max":[1.0,1.0,0.0,0.0],"Diffuse_UV_Speed":[0.0,0.0,0.0,0.0],"Diffuse_XInverse":false,"Diffuse_YInverse":false,"Discard_Ratio":0.800000011920929,"Follow_Transform":0,"Glow_Color_Force":[0.0,0.0,0.0,0.0],"Glow_Color_Speed":[0.0,0.0,0.0,0.0],"Gravity_Force":[0.0,0.30000001192092896,0.0,0.0],"Init_Time":0.0,"Is_Bloom":true,"Is_Easing_Alpha":false,"Is_Glow":true,"Is_Gray_Only_Use_Red":false,"Is_Looping":false,"Mask_Start_UV":[0.0,0.0,0.0,0.0],"Mask_UV_Force":[0.0,0.0,0.0,0.0],"Mask_UV_Max":[1.0,1.0,0.0,0.0],"Mask_UV_Speed":[0.0,0.0,0.0,0.0],"Max_Color":[1.0,1.0,1.0,1.0],"Max_Color_Force":[0.0,0.0,0.0,0.0],"Max_Color_Speed":[0.0,0.0,0.0,0.0],"Max_Instance":1000,"Max_Limit_Speed":[0.0,0.0,10.0,0.0],"Max_Rotation":[3.140000104904175,3.140000104904175,3.140000104904175,0.0],"Max_Rotation_Force":[0.0,-0.004999999888241291,0.0,0.0],"Max_Rotation_Speed":[0.0,5.0,0.0,0.0],"Max_Scale":[1.0,1.0,0.0,0.0],"Max_Scale_Force":[-0.0010000000474974513,-9.999999747378752e-05,0.0,0.0],"Max_Spawn_Time":0.10000000149011612,"Max_Speed":[0.0,0.0,10.0,0.0],"Max_Speed_Force":[0.0,0.0,-0.009999999776482582,0.0],"Max_Start_Color":[0.3809523582458496,1.0,0.7346938848495483,1.0],"Max_Start_Rotation":[3.140000104904175,3.140000104904175,3.140000104904175,0.0],"Max_Start_Scale":[0.07999999821186066,1.0,0.0,0.0],"Max_Y_Scale_Ratio":0.699999988079071,"Min_Color_Force":[0.0,0.0,0.0,0.0],"Min_Color_Speed":[0.0,0.0,0.0,0.0],"Min_Life_Time":1.0,"Min_Limit_Speed":[0.0,0.0,0.003000000026077032,0.0],"Min_Rotation":[0.0,9.999999747378752e-05,0.0,0.0],"Min_Rotation_Force":[0.0,-0.009999999776482582,0.0,0.0],"Min_Rotation_Speed":[0.0,0.0,0.0,0.0],"Min_Scale":[0.0,0.0,0.0,0.0],"Min_Scale_Force":[-0.0020000000949949026,-0.0010000000474974513,0.0,0.0],"Min_Spawn_Offset_Direction":[0.0,0.0,0.0,0.0],"Min_Spawn_Offset_Range":[0.0,0.0,0.0,0.0],"Min_Spawn_Position":[-0.18000000715255737,1.0,1.5,0.0],"Min_Spawn_Time":0.0,"Min_Speed":[0.0,0.0,1.0,0.0],"Min_Speed_Force":[0.0,0.0,-0.029999999329447746,0.0],"Min_Start_Color":[0.3809523582458496,1.0,0.7346938848495483,1.0],"Min_Start_Rotation":[-3.140000104904175,-3.140000104904175,-3.140000104904175,0.0],"Min_Start_Scale":[0.009999999776482582,1.0,0.0,0.0],"Min_Y_Scale_Ratio":0.30000001192092896,"Name":"RectEffect.png","Noise_Start_UV":[0.0,0.0,0.0,0.0],"Noise_UV_Force":[0.0,0.0,0.0,0.0],"Noise_UV_Max":[1.0,1.0,0.0,0.0],"Noise_UV_Speed":[0.0,0.0,0.0,0.0],"ParticleOption1":130,"ParticleOption2":127,"ParticleOption3":2,"ParticleType":0,"Render_Group":6,"ShaderPassIndex":12,"Start_Glow_Color":[1.0,1.0,1.0,1.0],"Sync_Animation":false,"Sync_AnimationKey":39,"UV_Diffuse_Index":0,"UV_Mask_Index":1,"UV_Noise_Index":0},"1":{"Diffuse_Start_UV":[0.0,0.0,0.0,0.0],"Diffuse_UV_Force":[0.0,0.0,0.0,0.0],"Diffuse_UV_Max":[1.0,1.0,0.0,0.0],"Diffuse_UV_Speed":[0.0,0.0,0.0,0.0],"Diffuse_XInverse":false,"Diffuse_YInverse":false,"Discard_Ratio":0.800000011920929,"Follow_Transform":0,"Glow_Color_Force":[0.0,0.0,0.0,0.0],"Glow_Color_Speed":[0.0,0.0,0.0,0.0],"Gravity_Force":[0.0,0.30000001192092896,0.0,0.0],"Init_Time":0.0,"Is_Bloom":true,"Is_Easing_Alpha":false,"Is_Glow":true,"Is_Gray_Only_Use_Red":false,"Is_Looping":false,"Mask_Start_UV":[0.0,0.0,0.0,0.0],"Mask_UV_Force":[0.0,0.0,0.0,0.0],"Mask_UV_Max":[1.0,1.0,0.0,0.0],"Mask_UV_Speed":[0.0,0.0,0.0,0.0],"Max_Color":[1.0,1.0,1.0,1.0],"Max_Color_Force":[0.0,0.0,0.0,0.0],"Max_Color_Speed":[0.0,0.0,0.0,0.0],"Max_Instance":1000,"Max_Limit_Speed":[0.0,0.0,10.0,0.0],"Max_Rotation":[3.140000104904175,3.140000104904175,3.140000104904175,0.0],"Max_Rotation_Force":[0.0,-0.004999999888241291,0.0,0.0],"Max_Rotation_Speed":[0.0,5.0,0.0,0.0],"Max_Scale":[1.0,1.0,0.0,0.0],"Max_Scale_Force":[-0.0010000000474974513,-9.999999747378752e-05,0.0,0.0],"Max_Spawn_Time":0.10000000149011612,"Max_Speed":[0.0,0.0,10.0,0.0],"Max_Speed_Force":[0.0,0.0,-0.009999999776482582,0.0],"Max_Start_Color":[1.0,1.0,1.0,1.0],"Max_Start_Rotation":[3.140000104904175,3.140000104904175,3.140000104904175,0.0],"Max_Start_Scale":[0.07999999821186066,1.0,0.0,0.0],"Max_Y_Scale_Ratio":0.07000000029802322,"Min_Color_Force":[0.0,0.0,0.0,0.0],"Min_Color_Speed":[0.0,0.0,0.0,0.0],"Min_Life_Time":1.0,"Min_Limit_Speed":[0.0,0.0,0.003000000026077032,0.0],"Min_Rotation":[0.0,9.999999747378752e-05,0.0,0.0],"Min_Rotation_Force":[0.0,-0.10000000149011612,0.0,0.0],"Min_Rotation_Speed":[0.0,0.0,0.0,0.0],"Min_Scale":[0.0,0.0,0.0,0.0],"Min_Scale_Force":[-0.0020000000949949026,-0.0010000000474974513,0.0,0.0],"Min_Spawn_Offset_Direction":[0.0,0.0,0.0,0.0],"Min_Spawn_Offset_Range":[0.0,0.0,0.0,0.0],"Min_Spawn_Position":[-0.18000000715255737,1.0,1.5,0.0],"Min_Spawn_Time":0.0,"Min_Speed":[0.0,0.0,1.0,0.0],"Min_Speed_Force":[0.0,0.0,-0.029999999329447746,0.0],"Min_Start_Color":[1.0,1.0,1.0,1.0],"Min_Start_Rotation":[-3.140000104904175,-3.140000104904175,-3.140000104904175,0.0],"Min_Start_Scale":[0.009999999776482582,1.0,0.0,0.0],"Min_Y_Scale_Ratio":0.009999999776482582,"Name":"RectEffect.png","Noise_Start_UV":[0.0,0.0,0.0,0.0],"Noise_UV_Force":[0.0,0.0,0.0,0.0],"Noise_UV_Max":[1.0,1.0,0.0,0.0],"Noise_UV_Speed":[0.0,0.0,0.0,0.0],"ParticleOption1":130,"ParticleOption2":127,"ParticleOption3":2,"ParticleType":0,"Render_Group":7,"ShaderPassIndex":1,"Start_Glow_Color":[0.0,1.0,0.21428561210632324,1.0],"Sync_Animation":false,"Sync_AnimationKey":39,"UV_Diffuse_Index":0,"UV_Mask_Index":1,"UV_Noise_Index":0}},"EffectParticleCount":2}
