{"EffectGroupName":"Corvus_PassiveFeather","EffectMeshCount":0,"EffectParticle":{"0":{"Diffuse_Start_UV":[0.0,0.0,0.0,0.0],"Diffuse_UV_Force":[0.0,0.0,0.0,0.0],"Diffuse_UV_Max":[1.0,1.0,0.0,0.0],"Diffuse_UV_Speed":[0.0,0.0,0.0,0.0],"Diffuse_XInverse":false,"Diffuse_YInverse":false,"Discard_Ratio":0.10000000149011612,"Follow_Transform":1,"Gravity_Force":[0.0,-0.20000000298023224,0.0,0.0],"Init_Time":0.0,"Is_Bloom":false,"Is_Glow":false,"Is_Looping":true,"Mask_Start_UV":[0.0,0.0,0.0,0.0],"Mask_UV_Force":[0.0,0.0,0.0,0.0],"Mask_UV_Max":[1.0,1.0,0.0,0.0],"Mask_UV_Speed":[0.0,0.0,0.0,0.0],"Max_Color":[0.30000001192092896,0.30000001192092896,0.30000001192092896,1.0],"Max_Color_Force":[0.0,0.0,0.0,-0.004999999888241291],"Max_Color_Speed":[0.0,0.0,0.0,1.5],"Max_Instance":30,"Max_Limit_Speed":[0.0,0.0,0.0,0.0],"Max_Rotation":[1.0,1.0,1.0,0.0],"Max_Rotation_Speed":[1.0,1.0,1.0,0.0],"Max_Scale":[1.0,1.0,0.0,0.0],"Max_Spawn_Offset_Direction":[1.0,1.0,1.0,0.0],"Max_Spawn_Offset_Range":[0.20000000298023224,0.20000000298023224,0.20000000298023224,0.0],"Max_Spawn_Position":[0.0,0.0,0.0,0.0],"Max_Spawn_Time":10.0,"Max_Start_Color":[0.30000001192092896,0.30000001192092896,0.30000001192092896,0.0],"Max_Start_Rotation":[1.5700000524520874,3.140000104904175,3.140000104904175,0.0],"Max_Start_Scale":[0.07100000232458115,0.1420000046491623,0.0,0.0],"Min_Color_Force":[0.0,0.0,0.0,-0.007000000216066837],"Min_Color_Speed":[0.0,0.0,0.0,1.0],"Min_Life_Time":3.0,"Min_Limit_Speed":[0.0,0.0,0.0,0.0],"Min_Rotation":[0.0,0.0,0.0,0.0],"Min_Rotation_Speed":[0.0,0.0,0.0,0.0],"Min_Scale":[0.0,0.0,0.0,0.0],"Min_Spawn_Offset_Direction":[-1.0,-1.0,-1.0,0.0],"Min_Spawn_Offset_Range":[0.0,0.0,0.0,0.0],"Min_Spawn_Position":[0.10000000149011612,1.2000000476837158,-0.25,0.0],"Min_Spawn_Time":0.0,"Min_Start_Color":[0.30000001192092896,0.30000001192092896,0.30000001192092896,0.0],"Min_Start_Rotation":[1.5700000524520874,-3.140000104904175,-3.140000104904175,0.0],"Min_Start_Scale":[0.07000000029802322,0.14000000059604645,0.0,0.0],"Name":"RectEffect.png","Noise_Start_UV":[0.0,0.0,0.0,0.0],"Noise_UV_Force":[0.0,0.0,0.0,0.0],"Noise_UV_Max":[1.0,1.0,0.0,0.0],"Noise_UV_Speed":[0.0,0.0,0.0,0.0],"ParticleOption1":114,"ParticleOption2":81,"ParticleOption3":0,"ParticleOption4":12,"ParticleType":0,"Render_Group":7,"ShaderPassIndex":1,"Sync_Animation":false,"Sync_AnimationKey":-1,"UV_Diffuse_Index":12,"UV_Mask_Index":0,"UV_Noise_Index":0}},"EffectParticleCount":1}
