{"EffectGroupName":"Corvus_ClawChargeLoop_Particle","EffectMeshCount":0,"EffectParticle":{"0":{"Bone_Name":"ik_hand_r","Diffuse_Start_UV":[0.0,0.0,0.0,0.0],"Diffuse_UV_Force":[0.0,0.0,0.0,0.0],"Diffuse_UV_Max":[1.0,1.0,0.0,0.0],"Diffuse_UV_Speed":[0.0,0.0,0.0,0.0],"Diffuse_XInverse":false,"Diffuse_YInverse":false,"Discard_Ratio":0.800000011920929,"Follow_Transform":1,"Glow_Color_Force":[0.0,0.0,0.0,0.0],"Glow_Color_Speed":[0.0,0.0,0.0,0.0],"Goal_Position":[0.0,0.10000000149011612,0.0,0.0],"Init_Time":0.0,"Is_Bloom":true,"Is_Easing_Alpha":false,"Is_Glow":true,"Is_Gray_Only_Use_Red":false,"Is_Looping":true,"Mask_Start_UV":[0.0,0.0,0.0,0.0],"Mask_UV_Force":[0.0,0.0,0.0,0.0],"Mask_UV_Max":[1.0,1.0,0.0,0.0],"Mask_UV_Speed":[0.0,0.0,0.0,0.0],"Max_Color":[1.0,1.0,1.0,1.0],"Max_Color_Force":[0.0,0.0,0.0,0.0],"Max_Color_Speed":[0.0,0.0,0.0,1.0],"Max_Instance":1000,"Max_Limit_Speed":[0.0,0.0,1.0,0.0],"Max_Scale":[1.0,1.0,0.0,0.0],"Max_Scale_Force":[-0.009999999776482582,-0.009999999776482582,0.0,0.0],"Max_Spawn_Offset_Direction":[1.0,1.0,1.0,0.0],"Max_Spawn_Offset_Range":[0.0,0.0,0.800000011920929,0.0],"Max_Spawn_Position":[0.0,0.0,0.0,0.0],"Max_Spawn_Time":0.5,"Max_Speed_Force":[0.0,0.0,0.10000000149011612,0.0],"Max_Start_Color":[0.7213114500045776,1.0,0.9665572047233582,1.0],"Max_Start_Rotation":[0.0,0.0,0.0,0.0],"Max_Start_Scale":[0.03999999910593033,0.03999999910593033,0.0,0.0],"Min_Color_Force":[0.0,0.0,0.0,0.0],"Min_Color_Speed":[0.0,0.0,0.0,1.0],"Min_Life_Time":0.5,"Min_Limit_Speed":[0.0,0.0,0.0,0.0],"Min_Scale":[0.0,0.0,0.0,0.0],"Min_Scale_Force":[-0.004000000189989805,-0.004000000189989805,0.0,0.0],"Min_Spawn_Offset_Direction":[-1.0,-1.0,-1.0,0.0],"Min_Spawn_Offset_Range":[0.0,0.0,0.30000001192092896,0.0],"Min_Spawn_Position":[0.0,0.10000000149011612,0.0,0.0],"Min_Spawn_Time":0.0,"Min_Speed_Force":[0.0,0.0,0.009999999776482582,0.0],"Min_Start_Color":[0.7213114500045776,1.0,0.9665572047233582,1.0],"Min_Start_Rotation":[0.0,0.0,0.0,0.0],"Min_Start_Scale":[0.019999999552965164,0.019999999552965164,0.0,0.0],"Name":"RectEffect.png","Noise_Start_UV":[0.0,0.0,0.0,0.0],"Noise_UV_Force":[0.0,0.0,0.0,0.0],"Noise_UV_Max":[1.0,1.0,0.0,0.0],"Noise_UV_Speed":[0.0,0.0,0.0,0.0],"ParticleOption1":251,"ParticleOption2":12,"ParticleOption3":0,"ParticleType":3,"Render_Group":7,"ShaderPassIndex":1,"Start_Glow_Color":[0.0,1.0,0.40799999237060547,1.0],"Sync_Animation":false,"Sync_AnimationKey":1,"UV_Diffuse_Index":0,"UV_Mask_Index":1,"UV_Noise_Index":0}},"EffectParticleCount":1}
