{"EffectGroupName":"Corvus_PW_Hammer_A_ImpactParticle","EffectMeshCount":0,"EffectParticle":{"0":{"Diffuse_Start_UV":[0.0,0.0,0.0,0.0],"Diffuse_UV_Max":[1.0,1.0,0.0,0.0],"Diffuse_XInverse":false,"Diffuse_YInverse":false,"Discard_Ratio":0.8999999761581421,"Follow_Transform":0,"Init_Time":0.0,"Is_Looping":false,"Mask_Start_UV":[0.0,0.0,0.0,0.0],"Mask_UV_Max":[1.0,1.0,0.0,0.0],"Max_Color":[1.0,1.0,1.0,1.0],"Max_Instance":300,"Max_Limit_Speed":[100.0,1.0,0.0,0.0],"Max_Scale":[10.0,1.0,0.0,0.0],"Max_Scale_Force":[-1.0,0.0,0.0,0.0],"Max_Speed":[90.0,0.0,0.0,0.0],"Max_Speed_Force":[-5.0,0.10000000149011612,0.0,0.0],"Max_Start_Color":[1.0,1.0,1.0,1.0],"Max_Start_Rotation":[0.0,3.140000104904175,-1.5700000524520874,0.0],"Max_Start_Scale":[10.0,1.0,0.0,0.0],"Max_Y_Scale_Ratio":0.009999999776482582,"Min_Life_Time":1.0,"Min_Limit_Speed":[0.009999999776482582,9.999999747378752e-05,0.0,0.0],"Min_Scale":[0.0,0.0,0.0,0.0],"Min_Scale_Force":[-1.0,0.0,0.0,0.0],"Min_Spawn_Offset_Direction":[0.0,0.0,0.0,0.0],"Min_Spawn_Offset_Range":[0.0,0.0,0.0,0.0],"Min_Spawn_Position":[-0.15000000596046448,5.0,2.0,0.0],"Min_Spawn_Time":0.0,"Min_Speed":[90.0,0.0,0.0,0.0],"Min_Speed_Force":[-5.0,0.009999999776482582,0.0,0.0],"Min_Start_Color":[1.0,1.0,1.0,1.0],"Min_Start_Rotation":[0.0,-3.140000104904175,-1.5700000524520874,0.0],"Min_Start_Scale":[1.0,1.0,0.0,0.0],"Min_Y_Scale_Ratio":0.004999999888241291,"Name":"RectEffect.png","Noise_Start_UV":[0.0,0.0,0.0,0.0],"Noise_UV_Max":[1.0,1.0,0.0,0.0],"ParticleOption1":128,"ParticleOption2":6,"ParticleOption3":18,"ParticleOption4":0,"ParticleOption5":0,"ParticleOption6":3,"ParticleType":0,"Render_Group":7,"ShaderPassIndex":1,"Start_Glow_Color":[1.0,1.0,1.0,1.0],"Sync_Animation":false,"Sync_AnimationKey":103,"UV_Diffuse_Index":0,"UV_Mask_Index":1,"UV_Noise_Index":0},"1":{"Diffuse_Start_UV":[0.0,0.0,0.0,0.0],"Diffuse_UV_Max":[1.0,1.0,0.0,0.0],"Diffuse_XInverse":false,"Diffuse_YInverse":false,"Discard_Ratio":0.8999999761581421,"Follow_Transform":0,"Init_Time":0.0,"Is_Looping":false,"Mask_Start_UV":[0.0,0.0,0.0,0.0],"Mask_UV_Max":[1.0,1.0,0.0,0.0],"Max_Color":[1.0,1.0,1.0,1.0],"Max_Instance":100,"Max_Limit_Speed":[100.0,1.0,0.0,0.0],"Max_Scale":[10.0,1.0,0.0,0.0],"Max_Scale_Force":[-1.0,0.0,0.0,0.0],"Max_Speed":[90.0,0.0,0.0,0.0],"Max_Speed_Force":[-5.0,0.10000000149011612,0.0,0.0],"Max_Start_Color":[1.0,1.0,1.0,1.0],"Max_Start_Rotation":[0.0,3.140000104904175,-1.5700000524520874,0.0],"Max_Start_Scale":[10.0,1.0,0.0,0.0],"Max_Y_Scale_Ratio":0.009999999776482582,"Min_Life_Time":1.0,"Min_Limit_Speed":[0.009999999776482582,9.999999747378752e-05,0.0,0.0],"Min_Scale":[0.0,0.0,0.0,0.0],"Min_Scale_Force":[-1.0,0.0,0.0,0.0],"Min_Spawn_Offset_Direction":[0.0,0.0,0.0,0.0],"Min_Spawn_Offset_Range":[0.0,0.0,0.0,0.0],"Min_Spawn_Position":[-0.15000000596046448,5.0,2.0,0.0],"Min_Spawn_Time":0.0,"Min_Speed":[90.0,0.0,0.0,0.0],"Min_Speed_Force":[-5.0,0.009999999776482582,0.0,0.0],"Min_Start_Color":[1.0,1.0,1.0,1.0],"Min_Start_Rotation":[0.0,-3.140000104904175,-1.5700000524520874,0.0],"Min_Start_Scale":[1.0,1.0,0.0,0.0],"Min_Y_Scale_Ratio":0.004999999888241291,"Name":"RectEffect.png","Noise_Start_UV":[0.0,0.0,0.0,0.0],"Noise_UV_Max":[1.0,1.0,0.0,0.0],"ParticleOption1":128,"ParticleOption2":6,"ParticleOption3":18,"ParticleOption4":0,"ParticleOption5":0,"ParticleOption6":3,"ParticleType":0,"Render_Group":7,"ShaderPassIndex":1,"Start_Glow_Color":[0.0,1.0,0.7333333492279053,0.25],"Sync_Animation":false,"Sync_AnimationKey":103,"UV_Diffuse_Index":0,"UV_Mask_Index":1,"UV_Noise_Index":0},"2":{"Diffuse_Start_UV":[0.0,0.0,0.0,0.0],"Diffuse_UV_Max":[1.0,1.0,0.0,0.0],"Diffuse_XInverse":false,"Diffuse_YInverse":false,"Discard_Ratio":0.8999999761581421,"Follow_Transform":0,"Init_Time":0.10000000149011612,"Is_Looping":false,"Mask_Start_UV":[0.0,0.0,0.0,0.0],"Mask_UV_Max":[1.0,1.0,0.0,0.0],"Max_Color":[1.0,1.0,1.0,1.0],"Max_Instance":100,"Max_Limit_Speed":[20.0,0.0,0.0,0.0],"Max_Scale":[5.0,1.0,0.0,0.0],"Max_Scale_Force":[-0.05000000074505806,0.0,0.0,0.0],"Max_Spawn_Offset_Direction":[1.0,1.0,1.0,0.0],"Max_Spawn_Offset_Range":[0.5,0.0,0.0,0.0],"Max_Speed":[20.0,0.0,0.0,0.0],"Max_Speed_Force":[-0.30000001192092896,0.0,0.0,0.0],"Max_Start_Color":[1.0,1.0,1.0,1.0],"Max_Start_Rotation":[0.25,3.140000104904175,2.069999933242798,0.0],"Max_Start_Scale":[5.0,1.0,0.0,0.0],"Max_Y_Scale_Ratio":0.004999999888241291,"Min_Life_Time":2.0,"Min_Limit_Speed":[0.029999999329447746,0.0,0.0,0.0],"Min_Scale":[0.0,0.0,0.0,0.0],"Min_Scale_Force":[-0.10000000149011612,0.0,0.0,0.0],"Min_Spawn_Offset_Direction":[-1.0,-1.0,-1.0,0.0],"Min_Spawn_Offset_Range":[0.0,0.0,0.0,0.0],"Min_Spawn_Position":[-0.15000000596046448,0.0,2.0,0.0],"Min_Spawn_Time":0.0,"Min_Speed":[15.0,0.0,0.0,0.0],"Min_Speed_Force":[-1.0,0.0,0.0,0.0],"Min_Start_Color":[1.0,1.0,1.0,1.0],"Min_Start_Rotation":[-0.25,-3.140000104904175,1.0700000524520874,0.0],"Min_Start_Scale":[1.0,1.0,0.0,0.0],"Min_Y_Scale_Ratio":0.0010000000474974513,"Name":"RectEffect.png","Noise_Start_UV":[0.0,0.0,0.0,0.0],"Noise_UV_Max":[1.0,1.0,0.0,0.0],"ParticleOption1":224,"ParticleOption2":6,"ParticleOption3":18,"ParticleOption4":0,"ParticleOption5":0,"ParticleOption6":3,"ParticleType":0,"Render_Group":7,"ShaderPassIndex":1,"Start_Glow_Color":[1.0,1.0,1.0,1.0],"Sync_Animation":false,"Sync_AnimationKey":103,"UV_Diffuse_Index":0,"UV_Mask_Index":1,"UV_Noise_Index":0},"3":{"Diffuse_Start_UV":[0.0,0.0,0.0,0.0],"Diffuse_UV_Max":[1.0,1.0,0.0,0.0],"Diffuse_XInverse":false,"Diffuse_YInverse":false,"Discard_Ratio":0.8999999761581421,"Follow_Transform":0,"Init_Time":0.10000000149011612,"Is_Looping":false,"Mask_Start_UV":[0.0,0.0,0.0,0.0],"Mask_UV_Max":[1.0,1.0,0.0,0.0],"Max_Color":[1.0,1.0,1.0,1.0],"Max_Instance":100,"Max_Limit_Speed":[20.0,0.0,0.0,0.0],"Max_Scale":[5.0,1.0,0.0,0.0],"Max_Scale_Force":[-0.05000000074505806,0.0,0.0,0.0],"Max_Spawn_Offset_Direction":[1.0,1.0,1.0,0.0],"Max_Spawn_Offset_Range":[0.5,0.0,0.0,0.0],"Max_Speed":[20.0,0.0,0.0,0.0],"Max_Speed_Force":[-0.30000001192092896,0.0,0.0,0.0],"Max_Start_Color":[1.0,1.0,1.0,1.0],"Max_Start_Rotation":[0.25,3.140000104904175,2.069999933242798,0.0],"Max_Start_Scale":[5.0,1.0,0.0,0.0],"Max_Y_Scale_Ratio":0.004999999888241291,"Min_Life_Time":2.0,"Min_Limit_Speed":[0.029999999329447746,0.0,0.0,0.0],"Min_Scale":[0.0,0.0,0.0,0.0],"Min_Scale_Force":[-0.10000000149011612,0.0,0.0,0.0],"Min_Spawn_Offset_Direction":[-1.0,-1.0,-1.0,0.0],"Min_Spawn_Offset_Range":[0.0,0.0,0.0,0.0],"Min_Spawn_Position":[-0.15000000596046448,0.0,2.0,0.0],"Min_Spawn_Time":0.0,"Min_Speed":[15.0,0.0,0.0,0.0],"Min_Speed_Force":[-1.0,0.0,0.0,0.0],"Min_Start_Color":[0.6455026865005493,1.0,0.8593264818191528,1.0],"Min_Start_Rotation":[-0.25,-3.140000104904175,1.0700000524520874,0.0],"Min_Start_Scale":[1.0,1.0,0.0,0.0],"Min_Y_Scale_Ratio":0.0010000000474974513,"Name":"RectEffect.png","Noise_Start_UV":[0.0,0.0,0.0,0.0],"Noise_UV_Max":[1.0,1.0,0.0,0.0],"ParticleOption1":224,"ParticleOption2":6,"ParticleOption3":18,"ParticleOption4":0,"ParticleOption5":0,"ParticleOption6":3,"ParticleType":0,"Render_Group":7,"ShaderPassIndex":1,"Start_Glow_Color":[0.0,1.0,0.6031746864318848,0.5],"Sync_Animation":false,"Sync_AnimationKey":103,"UV_Diffuse_Index":0,"UV_Mask_Index":1,"UV_Noise_Index":0},"4":{"Diffuse_Start_UV":[0.0,0.0,0.0,0.0],"Diffuse_UV_Max":[1.0,1.0,0.0,0.0],"Diffuse_XInverse":false,"Diffuse_YInverse":false,"Discard_Ratio":0.8999999761581421,"Follow_Transform":0,"Init_Time":0.30000001192092896,"Is_Looping":false,"Mask_Start_UV":[0.0,0.0,0.0,0.0],"Mask_UV_Max":[1.0,1.0,0.0,0.0],"Max_Color":[1.0,1.0,1.0,1.0],"Max_Instance":200,"Max_Limit_Speed":[20.0,0.0,0.0,0.0],"Max_Scale":[5.0,1.0,0.0,0.0],"Max_Scale_Force":[-0.05000000074505806,0.0,0.0,0.0],"Max_Spawn_Offset_Direction":[1.0,1.0,1.0,0.0],"Max_Spawn_Offset_Range":[1.5,0.0,0.0,0.0],"Max_Speed":[20.0,0.0,0.0,0.0],"Max_Speed_Force":[-0.30000001192092896,0.0,0.0,0.0],"Max_Start_Color":[1.0,1.0,1.0,1.0],"Max_Start_Rotation":[0.25,3.140000104904175,2.069999933242798,0.0],"Max_Start_Scale":[5.0,1.0,0.0,0.0],