{"EffectGroupName":"Corvus_PW_Bat_Roar_B_ParticleIncome","EffectMeshCount":0,"EffectParticle":{"0":{"Diffuse_Start_UV":[0.0,0.0,0.0,0.0],"Diffuse_UV_Max":[1.0,1.0,0.0,0.0],"Diffuse_XInverse":false,"Diffuse_YInverse":false,"Discard_Ratio":0.8999999761581421,"Follow_Transform":0,"Goal_Position":[0.0,1.0,0.10000000149011612,0.0],"Goal_Range":0.05000000074505806,"Init_Time":0.0,"Is_Looping":false,"Mask_Start_UV":[0.0,0.0,0.0,0.0],"Mask_UV_Max":[1.0,1.0,0.0,0.0],"Max_Color":[1.0,1.0,1.0,1.0],"Max_Instance":250,"Max_Limit_Speed":[0.0,0.0,10.0,0.0],"Max_Scale":[0.029999999329447746,0.029999999329447746,0.0,0.0],"Max_Scale_Force":[-9.999999747378752e-05,-9.999999747378752e-05,0.0,0.0],"Max_Spawn_Offset_Direction":[1.0,1.0,1.0,0.0],"Max_Spawn_Time":0.30000001192092896,"Max_Speed":[0.0,0.0,10.0,0.0],"Max_Speed_Force":[0.0,0.0,0.0,0.0],"Max_Start_Color":[0.8672566413879395,0.0,0.0,1.0],"Max_Start_Rotation":[0.0,0.0,0.0,0.0],"Max_Start_Scale":[0.10000000149011612,0.10000000149011612,0.0,0.0],"Min_Life_Time":1.0,"Min_Limit_Speed":[0.0,0.0,0.0,0.0],"Min_Scale":[0.0,0.0,0.0,0.0],"Min_Scale_Force":[-0.0005000000237487257,-0.0005000000237487257,0.0,0.0],"Min_Spawn_Offset_Direction":[-1.0,-1.0,-1.0,0.0],"Min_Spawn_Offset_Range":[1.0,1.0,1.0,0.0],"Min_Spawn_Position":[0.0,1.0,0.0,0.0],"Min_Spawn_Time":0.0,"Min_Speed":[0.0,0.0,5.0,0.0],"Min_Speed_Force":[0.0,0.0,0.0,0.0],"Min_Start_Color":[0.8672566413879395,0.0,0.0,1.0],"Min_Start_Rotation":[0.0,0.0,0.0,0.0],"Min_Start_Scale":[0.05000000074505806,0.05000000074505806,0.0,0.0],"Name":"RectEffect.png","Noise_Start_UV":[0.0,0.0,0.0,0.0],"Noise_UV_Max":[1.0,1.0,0.0,0.0],"ParticleOption1":35,"ParticleOption2":6,"ParticleOption3":81,"ParticleOption4":0,"ParticleOption5":0,"ParticleOption6":3,"ParticleType":3,"Render_Group":7,"ShaderPassIndex":1,"Start_Glow_Color":[0.6592920422554016,0.0,0.0,1.0],"Sync_Animation":false,"Sync_AnimationKey":15,"UV_Diffuse_Index":0,"UV_Mask_Index":1,"UV_Noise_Index":0},"1":{"Diffuse_Start_UV":[0.0,0.0,0.0,0.0],"Diffuse_UV_Max":[1.0,1.0,0.0,0.0],"Diffuse_XInverse":false,"Diffuse_YInverse":false,"Discard_Ratio":0.8999999761581421,"Follow_Transform":0,"Goal_Position":[0.0,1.0,0.10000000149011612,0.0],"Goal_Range":0.05000000074505806,"Init_Time":0.0,"Is_Looping":false,"Mask_Start_UV":[0.0,0.0,0.0,0.0],"Mask_UV_Max":[1.0,1.0,0.0,0.0],"Max_Color":[1.0,1.0,1.0,1.0],"Max_Instance":250,"Max_Limit_Speed":[0.0,0.0,10.0,0.0],"Max_Scale":[0.029999999329447746,0.029999999329447746,0.0,0.0],"Max_Scale_Force":[-9.999999747378752e-05,-9.999999747378752e-05,0.0,0.0],"Max_Spawn_Offset_Direction":[1.0,1.0,1.0,0.0],"Max_Spawn_Time":0.30000001192092896,"Max_Speed":[0.0,0.0,10.0,0.0],"Max_Speed_Force":[0.0,0.0,0.0,0.0],"Max_Start_Color":[0.8672566413879395,0.0,0.0,1.0],"Max_Start_Rotation":[0.0,0.0,0.0,0.0],"Max_Start_Scale":[0.10000000149011612,0.10000000149011612,0.0,0.0],"Min_Life_Time":1.0,"Min_Limit_Speed":[0.0,0.0,0.0,0.0],"Min_Scale":[0.0,0.0,0.0,0.0],"Min_Scale_Force":[-0.0005000000237487257,-0.0005000000237487257,0.0,0.0],"Min_Spawn_Offset_Direction":[-1.0,-1.0,-1.0,0.0],"Min_Spawn_Offset_Range":[-1.0,-1.0,-1.0,0.0],"Min_Spawn_Position":[0.0,1.0,0.0,0.0],"Min_Spawn_Time":0.0,"Min_Speed":[0.0,0.0,5.0,0.0],"Min_Speed_Force":[0.0,0.0,0.0,0.0],"Min_Start_Color":[0.8672566413879395,0.0,0.0,1.0],"Min_Start_Rotation":[0.0,0.0,0.0,0.0],"Min_Start_Scale":[0.05000000074505806,0.05000000074505806,0.0,0.0],"Name":"RectEffect.png","Noise_Start_UV":[0.0,0.0,0.0,0.0],"Noise_UV_Max":[1.0,1.0,0.0,0.0],"ParticleOption1":35,"ParticleOption2":6,"ParticleOption3":81,"ParticleOption4":0,"ParticleOption5":0,"ParticleOption6":3,"ParticleType":3,"Render_Group":7,"ShaderPassIndex":1,"Start_Glow_Color":[0.6592920422554016,0.0,0.0,1.0],"Sync_Animation":false,"Sync_AnimationKey":15,"UV_Diffuse_Index":0,"UV_Mask_Index":1,"UV_Noise_Index":0},"2":{"Diffuse_Start_UV":[0.0,0.0,0.0,0.0],"Diffuse_UV_Max":[1.0,1.0,0.0,0.0],"Diffuse_XInverse":false,"Diffuse_YInverse":false,"Discard_Ratio":0.8999999761581421,"Follow_Transform":0,"Goal_Position":[0.0,1.0,0.10000000149011612,0.0],"Goal_Range":0.05000000074505806,"Init_Time":0.0,"Is_Looping":false,"Mask_Start_UV":[0.0,0.0,0.0,0.0],"Mask_UV_Max":[1.0,1.0,0.0,0.0],"Max_Color":[1.0,1.0,1.0,1.0],"Max_Instance":250,"Max_Limit_Speed":[0.0,0.0,10.0,0.0],"Max_Scale":[0.029999999329447746,0.029999999329447746,0.0,0.0],"Max_Scale_Force":[-9.999999747378752e-05,-9.999999747378752e-05,0.0,0.0],"Max_Spawn_Offset_Direction":[1.0,1.0,1.0,0.0],"Max_Spawn_Time":0.30000001192092896,"Max_Speed":[0.0,0.0,10.0,0.0],"Max_Speed_Force":[0.0,0.0,0.0,0.0],"Max_Start_Color":[0.0,0.0,0.0,1.0],"Max_Start_Rotation":[0.0,0.0,0.0,0.0],"Max_Start_Scale":[0.10000000149011612,0.10000000149011612,0.0,0.0],"Min_Life_Time":1.0,"Min_Limit_Speed":[0.0,0.0,0.0,0.0],"Min_Scale":[0.0,0.0,0.0,0.0],"Min_Scale_Force":[-0.0005000000237487257,-0.0005000000237487257,0.0,0.0],"Min_Spawn_Offset_Direction":[-1.0,-1.0,-1.0,0.0],"Min_Spawn_Offset_Range":[1.0,1.0,1.0,0.0],"Min_Spawn_Position":[0.0,1.0,0.0,0.0],"Min_Spawn_Time":0.0,"Min_Speed":[0.0,0.0,5.0,0.0],"Min_Speed_Force":[0.0,0.0,0.0,0.0],"Min_Start_Color":[0.0,0.0,0.0,1.0],"Min_Start_Rotation":[0.0,0.0,0.0,0.0],"Min_Start_Scale":[0.05000000074505806,0.05000000074505806,0.0,0.0],"Name":"RectEffect.png","Noise_Start_UV":[0.0,0.0,0.0,0.0],"Noise_UV_Max":[1.0,1.0,0.0,0.0],"ParticleOption1":35,"ParticleOption2":6,"ParticleOption3":81,"ParticleOption4":0,"ParticleOption5":0,"ParticleOption6":3,"ParticleType":3,"Render_Group":7,"ShaderPassIndex":1,"Start_Glow_Color":[0.0,0.0,0.0,1.0],"Sync_Animation":false,"Sync_AnimationKey":15,"UV_Diffuse_Index":0,"UV_Mask_Index":1,"UV_Noise_Index":0},"3":{"Diffuse_Start_UV":[0.0,0.0,0.0,0.0],"Diffuse_UV_Max":[1.0,1.0,0.0,0.0],"Diffuse_XInverse":false,"Diffuse_YInverse":false,"Discard_Ratio":0.8999999761581421,"Follow_Transform":0,"Goal_Position":[0.0,1.0,0.10000000149011612,0.0],"Goal_Range":0.05000000074505806,"Init_Time":0.0,"Is_Looping":false,"Mask_Start_UV":[0.0,0.0,0.0,0.0],"Mask_UV_Max":[1.0,1.0,0.0,0.0],"Max_Color":[1.0,1.0,1.0,1.0],"Max_Instance":250,"Max_Limit_Speed":[0.0,0.0,10.0,0.0],"Max_Scale":[0.029999999329447746,0.029999999329447746,0.0,0.0],"Max_Scale_Force":[-9.999999747378752e-05,-9.999999747378752e-05,0.0,0.0],"Max_Spawn_Offset_Direction":[1.0,1.0,1.0,0.0],"Max_Spawn_Time":0.30000001192092896,"Max_Speed":[0.0,0.0,10.0,0.0],"Max_Speed_Force":[0.0,0.0,0.0,0.0],"Max_Start_Color":[0.0,0.0,0.0,1.0],"Max_Start_Rotation":[0.0,0.0,0.0,0.0],"Max_Start_Scale":[0.10000000149011612,0.10000000149011612,0.0,0.0],"Min_Life_Time":1.0,"Min_Limit_Speed":[0.0,0.0,0.0,0.0],"Min_Scale":[0.0,0.0,0.0,0.0],"Min_Scale_Force":[-0.0005000000237487257,-0.0005000000237487257,0.0,0.0],"Min_Spawn_Offset_Direction":[-1.0,-1.0,-1.0,0.0],"Min_Spawn_Offset_Range":[-1.0,-1.0,-1.0,0.0],"Min_Spawn_Position":[0.0,1.0,0.0,0.0],"Min_Spawn_Time":0.0,"Min_Speed":[0.0,0.0,5.0,0.0],"Min_Speed_Force":[0.0,0.0,0.0,0.0],"Min_Start_Color":[0.0,0.0,0.0,1.0],"Min_Start_Rotation":[0.0,0.0,0.0,0.0],"Min_Start_Scale":[0.05000000074505806,0.05000000074505806,0.0,0.0],"Name":"RectEffect.png","Noise_Start_UV":[0.0,0.0,0.0,0.0],"Noise_UV_Max":[1.0,1.0,0.0,0.0],"ParticleOption1":35,"ParticleOption2":6,"ParticleOption3":81,"ParticleOption4":0,"ParticleOption5":0,"ParticleOption6":3,"ParticleType":3,"Render_Group":7,"ShaderPassIndex":1,"Start_Glow_Color":[0.0,0.0,0.0,1.0],"Sync_Animation":false,"Sync_AnimationKey":15,"UV_Diffuse_Index":0,"UV_Mask_Index":1,"UV_Noise_Index":0}},"EffectParticleCount":4}
