{"EffectGroupName":"Corvus_ClawChargeAtk_FollowParticle","EffectMeshCount":0,"EffectParticle":{"0":{"Bone_Name":"Bip001-R-Hand","Diffuse_Start_UV":[0.0,0.0,0.0,0.0],"Diffuse_UV_Force":[0.0,0.0,0.0,0.0],"Diffuse_UV_Max":[1.0,1.0,0.0,0.0],"Diffuse_UV_Speed":[0.0,0.0,0.0,0.0],"Diffuse_XInverse":false,"Diffuse_YInverse":false,"Discard_Ratio":0.10000000149011612,"Follow_Transform":1,"Glow_Color_Force":[0.0,0.0,0.0,0.0],"Glow_Color_Speed":[0.0,0.0,0.0,0.0],"Init_Time":0.0,"Is_Attraction":false,"Is_Bloom":true,"Is_Boner":true,"Is_Easing_Alpha":false,"Is_Easing_Position":false,"Is_Easing_Rotation":false,"Is_Easing_Scale":false,"Is_Easing_Speed":false,"Is_Glow":true,"Is_Gray_Only_Use_Red":false,"Is_Looping":false,"Is_MoveLook":false,"Is_Square_Scale":false,"Is_Use_Gravity":false,"Mask_Start_UV":[0.0,0.0,0.0,0.0],"Mask_UV_Force":[0.0,0.0,0.0,0.0],"Mask_UV_Max":[1.0,1.0,0.0,0.0],"Mask_UV_Speed":[0.0,0.0,0.0,0.0],"Max_Color":[1.0,1.0,1.0,1.0],"Max_Color_Force":[0.0,0.0,0.0,0.0],"Max_Color_Speed":[0.0,0.0,0.0,0.0],"Max_Instance":3000,"Max_Life_Time":0.0,"Max_Limit_Speed":[0.30000001192092896,0.30000001192092896,0.30000001192092896,0.0],"Max_Rotation":[1.0,1.0,1.0,0.0],"Max_Rotation_Force":[0.0,0.0,0.0,0.0],"Max_Rotation_Speed":[1.0,1.0,1.0,0.0],"Max_Scale":[1.0,1.0,0.0,0.0],"Max_Scale_Force":[-0.10000000149011612,-0.009999999776482582,0.0,0.0],"Max_Scale_Speed":[0.0,0.0,0.0,0.0],"Max_Spawn_Offset_Direction":[1.0,1.0,1.0,0.0],"Max_Spawn_Offset_Range":[0.10000000149011612,0.10000000149011612,0.10000000149011612,0.0],"Max_Spawn_Position":[0.10000000149011612,0.10000000149011612,0.0,0.0],"Max_Spawn_Time":0.30000001192092896,"Max_Speed":[0.10000000149011612,0.10000000149011612,0.10000000149011612,0.0],"Max_Speed_Force":[0.0,0.0,0.0,0.0],"Max_Start_Color":[0.4659658372402191,0.9999999403953552,0.9831011891365051,1.0],"Max_Start_Rotation":[3.140000104904175,3.140000104904175,3.140000104904175,0.0],"Max_Start_Scale":[0.10000000149011612,0.009999999776482582,0.0,0.0],"Min_Color_Force":[0.0,0.0,0.0,0.0],"Min_Color_Speed":[0.0,0.0,0.0,0.0],"Min_Life_Time":999.0,"Min_Limit_Speed":[-0.30000001192092896,-0.30000001192092896,-0.30000001192092896,0.0],"Min_Rotation":[-1.0,-1.0,-1.0,0.0],"Min_Rotation_Force":[0.0,0.0,0.0,0.0],"Min_Rotation_Speed":[-1.0,-1.0,-1.0,0.0],"Min_Scale":[0.0,0.0,0.0,0.0],"Min_Scale_Force":[-0.003000000026077032,-0.0003000000142492354,0.0,0.0],"Min_Scale_Speed":[0.0,0.0,0.0,0.0],"Min_Spawn_Offset_Direction":[-1.0,-1.0,-1.0,0.0],"Min_Spawn_Offset_Range":[0.0,0.0,0.0,0.0],"Min_Spawn_Position":[0.10000000149011612,0.10000000149011612,0.0,0.0],"Min_Spawn_Time":0.0,"Min_Speed":[-0.10000000149011612,-0.10000000149011612,-0.10000000149011612,0.0],"Min_Speed_Force":[0.0,0.0,0.0,0.0],"Min_Start_Color":[0.4659658372402191,0.9999999403953552,0.9831011891365051,1.0],"Min_Start_Rotation":[-3.140000104904175,-3.140000104904175,-3.140000104904175,0.0],"Min_Start_Scale":[0.05000000074505806,0.004999999888241291,0.0,0.0],"Name":"RectEffect.png","Noise_Start_UV":[0.0,0.0,0.0,0.0],"Noise_UV_Force":[0.0,0.0,0.0,0.0],"Noise_UV_Max":[1.0,1.0,0.0,0.0],"Noise_UV_Speed":[0.0,0.0,0.0,0.0],"ParticleType":0,"ShaderPassIndex":1,"Start_Glow_Color":[0.4185687303543091,0.9844933748245239,1.0,1.0],"Sync_Animation":false,"Sync_AnimationKey":46,"UV_Diffuse_Index":0,"UV_Mask_Index":1,"UV_Noise_Index":0}},"EffectParticleCount":1}
