{"EffectGroupName":"Corvus_VSUrd_Exe_MetalParticle","EffectMeshCount":0,"EffectParticle":{"0":{"Bone_Name":"weapon_l","Diffuse_Start_UV":[0.0,0.0,0.0,0.0],"Diffuse_UV_Max":[1.0,1.0,0.0,0.0],"Diffuse_XInverse":false,"Diffuse_YInverse":false,"Discard_Ratio":0.8999999761581421,"Follow_Transform":0,"Glow_Color_Force":[0.0,-0.009999999776482582,0.0,0.0],"Init_Time":0.0,"Is_Looping":false,"Mask_Start_UV":[0.0,0.0,0.0,0.0],"Mask_UV_Max":[1.0,1.0,0.0,0.0],"Max_Color":[1.0,1.0,1.0,1.0],"Max_Color_Force":[0.0,-0.03999999910593033,-0.03999999910593033,0.0],"Max_Instance":500,"Max_Limit_Speed":[10.0,0.0,0.0,0.0],"Max_Rotation":[0.0,0.0,0.0,0.0],"Max_Scale":[1.0,1.0,0.0,0.0],"Max_Scale_Force":[-0.009999999776482582,0.0,0.0,0.0],"Max_Spawn_Time":0.29899999499320984,"Max_Speed":[10.0,0.0,0.0,0.0],"Max_Speed_Force":[-0.10000000149011612,0.0,0.0,0.0],"Max_Start_Color":[1.0,1.0,1.0,1.0],"Max_Start_Rotation":[3.140000104904175,3.140000104904175,3.140000104904175,0.0],"Max_Start_Scale":[0.3499999940395355,0.10000000149011612,0.0,0.0],"Max_Y_Scale_Ratio":0.029999999329447746,"Min_Color_Force":[0.0,-0.03999999910593033,-0.03999999910593033,0.0],"Min_Life_Time":3.0,"Min_Limit_Speed":[0.003000000026077032,0.0,0.0,0.0],"Min_Rotation":[0.0,0.0,-1.0,0.0],"Min_Scale":[0.0,0.0,0.0,0.0],"Min_Scale_Force":[-0.05000000074505806,0.0,0.0,0.0],"Min_Spawn_Offset_Direction":[0.0,0.0,0.0,0.0],"Min_Spawn_Offset_Range":[0.0,0.0,0.0,0.0],"Min_Spawn_Position":[0.17499999701976776,0.0,0.029999999329447746,0.0],"Min_Spawn_Time":0.0,"Min_Speed":[5.0,0.0,0.0,0.0],"Min_Speed_Force":[-1.0,0.0,0.0,0.0],"Min_Start_Color":[1.0,1.0,1.0,1.0],"Min_Start_Rotation":[-3.140000104904175,-3.140000104904175,-3.140000104904175,0.0],"Min_Start_Scale":[0.10000000149011612,0.10000000149011612,0.0,0.0],"Min_Y_Scale_Ratio":0.009999999776482582,"Name":"RectEffect.png","Noise_Start_UV":[0.0,0.0,0.0,0.0],"Noise_UV_Max":[1.0,1.0,0.0,0.0],"ParticleOption1":138,"ParticleOption2":70,"ParticleOption3":18,"ParticleOption4":8,"ParticleOption5":0,"ParticleOption6":11,"ParticleType":0,"Render_Group":7,"ShaderPassIndex":1,"Start_Glow_Color":[1.0,0.5833333134651184,0.0,1.0],"Sync_Animation":false,"Sync_AnimationKey":107,"UV_Diffuse_Index":0,"UV_Mask_Index":1,"UV_Noise_Index":0}},"EffectParticleCount":1}
