{"EffectGroupName":"Corvus_VSUrd_Exe_FirstBlood","EffectMeshCount":0,"EffectParticle":{"0":{"Bone_Name":"weapon_r","Diffuse_Start_UV":[0.0,0.0,0.0,0.0],"Diffuse_UV_Max":[1.0,1.0,0.0,0.0],"Diffuse_XInverse":false,"Diffuse_YInverse":false,"Discard_Ratio":0.8999999761581421,"Follow_Transform":0,"Init_Time":0.0,"Is_Looping":false,"Mask_Start_UV":[0.0,0.0,0.0,0.0],"Mask_UV_Max":[1.0,1.0,0.0,0.0],"Max_Color":[1.0,1.0,1.0,1.0],"Max_Instance":250,"Max_Limit_Speed":[7.5,0.0,0.0,0.0],"Max_Rotation":[0.0,3.140000104904175,0.0,0.0],"Max_Rotation_Speed":[0.0,3.140000104904175,0.0,0.0],"Max_Scale":[1.0,1.0,0.0,0.0],"Max_Scale_Force":[-0.009999999776482582,0.0,0.0,0.0],"Max_Spawn_Time":0.25,"Max_Speed":[7.5,0.0,0.0,0.0],"Max_Speed_Force":[-0.10000000149011612,0.0,0.0,0.0],"Max_Start_Color":[0.8041958212852478,0.0,0.0,1.0],"Max_Start_Rotation":[0.0,2.792530059814453,0.5235990285873413,0.0],"Max_Start_Scale":[0.5,0.10000000149011612,0.0,0.0],"Max_Y_Scale_Ratio":0.029999999329447746,"Min_Life_Time":2.0,"Min_Limit_Speed":[0.004999999888241291,0.0,0.0,0.0],"Min_Rotation":[0.0,0.0,0.0,0.0],"Min_Rotation_Speed":[0.0,3.140000104904175,0.0,0.0],"Min_Scale":[0.0,0.0,0.0,0.0],"Min_Scale_Force":[-0.009999999776482582,0.0,0.0,0.0],"Min_Spawn_Offset_Direction":[0.0,0.0,0.0,0.0],"Min_Spawn_Offset_Range":[0.0,0.0,0.0,0.0],"Min_Spawn_Position":[0.0,0.0,0.0,0.0],"Min_Spawn_Time":0.0,"Min_Speed":[5.0,0.0,0.0,0.0],"Min_Speed_Force":[-0.25,0.0,0.0,0.0],"Min_Start_Color":[0.8041958212852478,0.0,0.0,1.0],"Min_Start_Rotation":[0.0,2.268929958343506,0.0,0.0],"Min_Start_Scale":[0.10000000149011612,0.10000000149011612,0.0,0.0],"Min_Y_Scale_Ratio":0.009999999776482582,"Name":"RectEffect.png","Noise_Start_UV":[0.0,0.0,0.0,0.0],"Noise_UV_Max":[1.0,1.0,0.0,0.0],"ParticleOption1":138,"ParticleOption2":86,"ParticleOption3":18,"ParticleOption4":0,"ParticleOption5":0,"ParticleOption6":3,"ParticleType":0,"Render_Group":7,"ShaderPassIndex":1,"Start_Glow_Color":[0.6713286638259888,0.0,0.0,1.0],"Sync_Animation":false,"Sync_AnimationKey":135,"UV_Diffuse_Index":0,"UV_Mask_Index":1,"UV_Noise_Index":0}},"EffectParticleCount":1}
