{"EffectGroupName":"Corvus_LAtk2_Bip001-R-Calf","EffectMeshCount":0,"EffectParticle":{"0":{"Bone_Name":"Bip001-R-Calf","Diffuse_Start_UV":[0.0,0.0,0.0,0.0],"Diffuse_UV_Max":[1.0,1.0,0.0,0.0],"Diffuse_XInverse":false,"Diffuse_YInverse":false,"Discard_Ratio":0.10000000149011612,"Follow_Transform":1,"Glow_Color_Force":[0.0,0.0,0.0,0.0],"Glow_Color_Speed":[0.0,0.0,0.0,0.0],"Gravity_Force":[0.0,0.0,0.0,0.0],"Init_Time":0.0,"Is_Looping":false,"Mask_Start_UV":[0.0,0.0,0.0,0.0],"Mask_UV_Max":[1.0,1.0,0.0,0.0],"Max_Color":[1.0,1.0,1.0,1.0],"Max_Instance":20,"Max_Limit_Speed":[1.0,0.0,0.0,0.0],"Max_Rotation":[1.0,1.0,1.0,0.0],"Max_Scale":[1.0,1.0,0.0,0.0],"Max_Scale_Force":[-0.009999999776482582,0.0,0.0,0.0],"Max_Spawn_Time":0.10000000149011612,"Max_Speed":[1.0,0.0,0.0,0.0],"Max_Start_Color":[0.0,0.0,0.0,1.0],"Max_Start_Rotation":[3.140000104904175,3.140000104904175,3.140000104904175,0.0],"Max_Start_Scale":[0.20000000298023224,1.0,0.0,0.0],"Max_Y_Scale_Ratio":0.15000000596046448,"Min_Life_Time":1.0,"Min_Limit_Speed":[-1.0,0.0,0.0,0.0],"Min_Rotation":[-1.0,-1.0,-1.0,0.0],"Min_Scale":[0.0,0.0,0.0,0.0],"Min_Scale_Force":[-0.009999999776482582,0.0,0.0,0.0],"Min_Spawn_Offset_Direction":[0.0,0.0,0.0,0.0],"Min_Spawn_Offset_Range":[0.0,0.0,0.0,0.0],"Min_Spawn_Position":[0.0,0.0,0.0,0.0],"Min_Spawn_Time":0.0,"Min_Speed":[-1.0,0.0,0.0,0.0],"Min_Start_Color":[0.0,0.0,0.0,1.0],"Min_Start_Rotation":[-3.140000104904175,-3.140000104904175,-3.140000104904175,0.0],"Min_Start_Scale":[0.10000000149011612,1.0,0.0,0.0],"Min_Y_Scale_Ratio":0.10000000149011612,"Name":"RectEffect.png","Noise_Start_UV":[0.0,0.0,0.0,0.0],"Noise_UV_Max":[1.0,1.0,0.0,0.0],"ParticleOption1":138,"ParticleOption2":75,"ParticleOption3":18,"ParticleOption4":0,"ParticleOption5":0,"ParticleOption6":3,"ParticleType":0,"Render_Group":7,"ShaderPassIndex":12,"Start_Glow_Color":[0.0,1.0,0.4000000059604645,0.5],"Sync_Animation":false,"Sync_AnimationKey":11,"UV_Diffuse_Index":0,"UV_Mask_Index":1,"UV_Noise_Index":0}},"EffectParticleCount":1}
