{"EffectGroupName":"Corvus_PW_Axe_Impact","EffectMeshCount":0,"EffectParticle":{"0":{"Diffuse_Start_UV":[0.0,0.0,0.0,0.0],"Diffuse_UV_Max":[1.0,1.0,0.0,0.0],"Diffuse_XInverse":false,"Diffuse_YInverse":false,"Discard_Ratio":0.8999999761581421,"Follow_Transform":0,"Init_Time":0.0,"Is_Looping":false,"Mask_Start_UV":[0.0,0.0,0.0,0.0],"Mask_UV_Max":[1.0,1.0,0.0,0.0],"Max_Color":[1.0,1.0,1.0,1.0],"Max_Instance":500,"Max_Limit_Speed":[20.0,0.0,0.0,0.0],"Max_Scale":[5.0,1.0,0.0,0.0],"Max_Scale_Force":[-0.05000000074505806,0.0,0.0,0.0],"Max_Spawn_Offset_Direction":[1.0,1.0,1.0,0.0],"Max_Spawn_Offset_Range":[0.5,0.0,0.0,0.0],"Max_Speed":[20.0,0.0,0.0,0.0],"Max_Start_Color":[1.0,1.0,1.0,1.0],"Max_Start_Rotation":[0.0,3.140000104904175,2.0,0.0],"Max_Start_Scale":[2.0,1.0,0.0,0.0],"Max_Y_Scale_Ratio":0.029999999329447746,"Min_Life_Time":1.0,"Min_Limit_Speed":[0.009999999776482582,0.0,0.0,0.0],"Min_Scale":[0.0,0.0,0.0,0.0],"Min_Scale_Force":[-0.20000000298023224,0.0,0.0,0.0],"Min_Spawn_Offset_Direction":[-1.0,-1.0,-1.0,0.0],"Min_Spawn_Offset_Range":[0.0,0.0,0.0,0.0],"Min_Spawn_Position":[0.25,0.0,1.350000023841858,0.0],"Min_Spawn_Time":0.0,"Min_Speed":[1.0,0.0,0.0,0.0],"Min_Start_Color":[1.0,1.0,1.0,1.0],"Min_Start_Rotation":[0.0,-3.140000104904175,0.800000011920929,0.0],"Min_Start_Scale":[0.10000000149011612,1.0,0.0,0.0],"Min_Y_Scale_Ratio":0.004999999888241291,"Name":"RectEffect.png","Noise_Start_UV":[0.0,0.0,0.0,0.0],"Noise_UV_Max":[1.0,1.0,0.0,0.0],"ParticleOption1":224,"ParticleOption2":2,"ParticleOption3":18,"ParticleOption4":0,"ParticleOption5":0,"ParticleOption6":3,"ParticleType":0,"Render_Group":7,"ShaderPassIndex":12,"Start_Glow_Color":[0.0,1.0,0.5511810779571533,0.5],"Sync_Animation":false,"Sync_AnimationKey":63,"UV_Diffuse_Index":0,"UV_Mask_Index":1,"UV_Noise_Index":0},"1":{"Diffuse_Start_UV":[0.0,0.0,0.0,0.0],"Diffuse_UV_Max":[1.0,1.0,0.0,0.0],"Diffuse_XInverse":false,"Diffuse_YInverse":false,"Discard_Ratio":0.10000000149011612,"Follow_Transform":0,"Init_Time":0.0,"Is_Looping":false,"Mask_Start_UV":[0.0,0.0,0.0,0.0],"Mask_UV_Max":[1.0,1.0,0.0,0.0],"Max_Color":[1.0,1.0,1.0,1.0],"Max_Color_Speed":[0.0,-1.0,-1.0,0.0],"Max_Instance":1000,"Max_Limit_Speed":[8.0,0.0,1.0,0.0],"Max_Rotation":[0.0,0.0,0.0,0.0],"Max_Rotation_Speed":[0.0,0.0,-1.0,0.0],"Max_Scale":[0.30000001192092896,1.0,0.0,0.0],"Max_Scale_Force":[-0.009999999776482582,0.0,0.0,0.0],"Max_Spawn_Offset_Direction":[1.0,1.0,1.0,0.0],"Max_Spawn_Offset_Range":[0.10000000149011612,0.0,0.0,0.0],"Max_Speed":[8.0,0.0,0.0,0.0],"Max_Speed_Force":[-0.10000000149011612,0.0,0.0,0.0],"Max_Start_Color":[1.0,1.0,1.0,1.0],"Max_Start_Rotation":[0.0,3.140000104904175,2.0,0.0],"Max_Start_Scale":[0.30000001192092896,1.0,0.0,0.0],"Max_Y_Scale_Ratio":0.03999999910593033,"Min_Color_Speed":[0.0,-1.0,-1.0,0.0],"Min_Life_Time":0.550000011920929,"Min_Limit_Speed":[0.004999999888241291,0.0,0.0,0.0],"Min_Rotation":[0.0,0.0,-3.0,0.0],"Min_Rotation_Speed":[0.0,0.0,-3.0,0.0],"Min_Scale":[0.0,0.0,0.0,0.0],"Min_Scale_Force":[-0.029999999329447746,0.0,0.0,0.0],"Min_Spawn_Offset_Direction":[-1.0,-1.0,-1.0,0.0],"Min_Spawn_Offset_Range":[0.0,0.0,0.0,0.0],"Min_Spawn_Position":[0.25,0.0,1.350000023841858,0.0],"Min_Spawn_Time":0.0,"Min_Speed":[5.0,0.0,0.0,0.0],"Min_Speed_Force":[-0.30000001192092896,0.0,0.0,0.0],"Min_Start_Color":[1.0,1.0,1.0,1.0],"Min_Start_Rotation":[0.0,-3.140000104904175,1.0,0.0],"Min_Start_Scale":[0.10000000149011612,1.0,0.0,0.0],"Min_Y_Scale_Ratio":0.029999999329447746,"Name":"RectEffect.png","Noise_Start_UV":[0.0,0.0,0.0,0.0],"Noise_UV_Max":[1.0,1.0,0.0,0.0],"ParticleOption1":224,"ParticleOption2":94,"ParticleOption3":18,"ParticleOption4":4,"ParticleOption5":0,"ParticleOption6":3,"ParticleType":0,"Render_Group":7,"ShaderPassIndex":12,"Start_Glow_Color":[1.0,0.458823561668396,0.0,1.0],"Sync_Animation":false,"Sync_AnimationKey":63,"UV_Diffuse_Index":0,"UV_Mask_Index":1,"UV_Noise_Index":0},"2":{"Diffuse_Start_UV":[0.0,0.0,0.0,0.0],"Diffuse_UV_Max":[1.0,1.0,0.0,0.0],"Diffuse_XInverse":false,"Diffuse_YInverse":false,"Discard_Ratio":0.8999999761581421,"Follow_Transform":0,"Init_Time":0.0,"Is_Looping":false,"Mask_Start_UV":[0.0,0.0,0.0,0.0],"Mask_UV_Max":[1.0,1.0,0.0,0.0],"Max_Color":[1.0,1.0,1.0,1.0],"Max_Instance":500,"Max_Limit_Speed":[20.0,0.0,0.0,0.0],"Max_Scale":[5.0,1.0,0.0,0.0],"Max_Scale_Force":[-0.05000000074505806,0.0,0.0,0.0],"Max_Spawn_Offset_Direction":[1.0,1.0,1.0,0.0],"Max_Spawn_Offset_Range":[0.5,0.0,0.0,0.0],"Max_Speed":[20.0,0.0,0.0,0.0],"Max_Start_Color":[1.0,1.0,1.0,1.0],"Max_Start_Rotation":[0.0,3.140000104904175,2.0,0.0],"Max_Start_Scale":[2.0,1.0,0.0,0.0],"Max_Y_Scale_Ratio":0.029999999329447746,"Min_Life_Time":1.0,"Min_Limit_Speed":[0.009999999776482582,0.0,0.0,0.0],"Min_Scale":[0.0,0.0,0.0,0.0],"Min_Scale_Force":[-0.20000000298023224,0.0,0.0,0.0],"Min_Spawn_Offset_Direction":[-1.0,-1.0,-1.0,0.0],"Min_Spawn_Offset_Range":[0.0,0.0,0.0,0.0],"Min_Spawn_Position":[0.25,0.0,1.350000023841858,0.0],"Min_Spawn_Time":0.0,"Min_Speed":[1.0,0.0,0.0,0.0],"Min_Start_Color":[1.0,1.0,1.0,1.0],"Min_Start_Rotation":[0.0,-3.140000104904175,0.800000011920929,0.0],"Min_Start_Scale":[0.10000000149011612,1.0,0.0,0.0],"Min_Y_Scale_Ratio":0.004999999888241291,"Name":"RectEffect.png","Noise_Start_UV":[0.0,0.0,0.0,0.0],"Noise_UV_Max":[1.0,1.0,0.0,0.0],"ParticleOption1":224,"ParticleOption2":2,"ParticleOption3":18,"ParticleOption4":0,"ParticleOption5":0,"ParticleOption6":3,"ParticleType":0,"Render_Group":7,"ShaderPassIndex":12,"Start_Glow_Color":[1.0,1.0,1.0,1.0],"Sync_Animation":false,"Sync_AnimationKey":63,"UV_Diffuse_Index":0,"UV_Mask_Index":1,"UV_Noise_Index":0},"3":{"Diffuse_Start_UV":[0.0,0.0,0.0,0.0],"Diffuse_UV_Max":[1.0,1.0,0.0,0.0],"Diffuse_XInverse":false,"Diffuse_YInverse":false,"Discard_Ratio":0.8999999761581421,"Follow_Transform":0,"Init_Time":0.0,"Is_Looping":false,"Mask_Start_UV":[0.0,0.0,0.0,0.0],"Mask_UV_Max":[1.0,1.0,0.0,0.0],"Max_Color":[1.0,1.0,1.0,1.0],"Max_Instance":500,"Max_Limit_Speed":[5.0,0.0,0.0,0.0],"Max_Scale":[5.0,1.0,0.0,0.0],"Max_Scale_Force":[-0.0010000000474974513,-0.0010000000474974513,0.0,0.0],"Max_Spawn_Offset_Direction":[1.0,1.0,1.0,0.0],"Max_Spawn_Offset_Range":[0.5,0.0,0.0,0.0],"Max_Speed":[5.0,0.0,0.0,0.0],"Max_Start_Color":[1.0,1.0,1.0,1.0],"Max_Start_Rotation":[0.0,3.140000104904175,2.0,0.0],"Max_Start_Scale":[0.10000000149011612,0.10000000149011612,0.0,0.0],"Min_Life_Time":2.0,"Min_Limit_Speed":[0.009999999776482582,0.0,0.0,0.0],"Min_Scale":[0.0,0.0,0.0,0.0],"Min_Scale_Force":[-0.003000000026077032,-0.003000000026077032,0.0,0.0],"Min_Spawn_Offset_Direction":[-1.0,-1.0,-1.0,0.0],"Min_Spawn_Offset_Range":[0.0,0.0,0.0,0.0],"Min_Spawn_Position":[0.25,0.0,1.350000023841858,0.0],"Min_Spawn_Time":0.0,"Min_Speed":[0.0,0.0,0.0,0.0],"Min_Start_Color":[1.0,1.0,1.0,1.0],"Min_Start_Rotation":[0.0,-3.140000104904175,0.800000011920929,0.0],"Min_Start_Scale":[0.009999999776482582,0.009999999776482582,0.0,0.0],"Name":"RectEffect.png","Noise_Start_UV":[0.0,0.0,0.0,0.0],"Noise_UV_Max":[1.0,1.0,0.0,0.0],"ParticleOption1":224,"ParticleOption2":2,"ParticleOption3":17,"ParticleOption4":0,"ParticleOption5":0,"ParticleOption6":3,"ParticleType":3,"Render_Group":7,"ShaderPassIndex":12,"Start_Glow_Color":[0.0,1.0,0.5511810779571533,0.5],"Sync_Animation":false,"Sync_AnimationKey":63,"UV_Diffuse_Index":0,"UV_Mask_Index":1,"UV_Noise_Index":0},"4":{"Diffuse_Start_UV":[0.0,0.0,0.0,0.0],"Diffuse_UV_Max":[1.0,1.0,0.0,0.0],"Diffuse_XInverse":false,"Diffuse_YInverse":false,"Discard_Ratio":0.8999999761581421,"Follow_Transform":0,"Init_Time":0.0,"Is_Looping":false,"Mask_Start_UV":[0.0,0.0,0.0,0.0],"Mask_UV_Max":[1.0,1.0,0.0,0.0],"Max_Color":[1.0,1.0,1.0,1.0],"Max_Instance":500,"Max_Limit_Speed":[5.0,0.0,0.0,0.0],"Max_Scale":[5.0,1.0,0.0,0.0],"Max_Scale_Force":[-0.0010000000474974513,-0.0010000000474974513,0.0,0.0],"Max_Spawn_Offset_Direction":[1.0,1.0,1.0,0.0],"Max_Spawn_Offset_Range":[0.5,0.0,0.0,0.0],"Max_Speed":[5.0,0.0,0.0,0.0],"Max_Start_Color":[1.0,1.0,1.0,1.0],