{"EffectGroupName":"CVS_AvoidF_StartDust","EffectMeshCount":0,"EffectParticle":{"0":{"Diffuse_Start_UV":[0.0,0.0,0.0,0.0],"Diffuse_UV_Force":[0.0,0.0,0.0,0.0],"Diffuse_UV_Max":[1.0,1.0,0.0,0.0],"Diffuse_UV_Speed":[0.0,0.0,0.0,0.0],"Diffuse_XInverse":false,"Diffuse_YInverse":false,"Discard_Ratio":0.25,"Follow_Transform":1,"Init_Time":0.0,"Is_Bloom":false,"Is_Boner":false,"Is_Easing_Position":false,"Is_Easing_Rotation":false,"Is_Easing_Scale":false,"Is_Easing_Speed":false,"Is_Glow":false,"Is_Gray_Only_Use_Red":false,"Is_Looping":false,"Is_MoveLook":false,"Is_Use_Gravity":false,"Mask_Start_UV":[0.0,0.0,0.0,0.0],"Mask_UV_Force":[0.0,0.0,0.0,0.0],"Mask_UV_Max":[1.0,1.0,0.0,0.0],"Mask_UV_Speed":[0.0,0.0,0.0,0.0],"Max_Color":[1.0,1.0,1.0,1.0],"Max_Color_Force":[0.0,0.0,0.0,-0.029999999329447746],"Max_Color_Speed":[0.0,0.0,0.0,1.0],"Max_Instance":5,"Max_Life_Time":0.0,"Max_Limit_Speed":[1.0,1.0,1.0,0.0],"Max_Rotation":[0.0,0.0,0.0,0.0],"Max_Rotation_Force":[0.0,0.0,0.0,0.0],"Max_Rotation_Speed":[0.0,0.0,0.0,0.0],"Max_Scale":[5.0,5.0,0.0,0.0],"Max_Scale_Force":[0.10999999940395355,0.10999999940395355,0.0,0.0],"Max_Scale_Speed":[0.0,0.0,0.0,0.0],"Max_Spawn_Offset_Direction":[1.0,1.0,1.0,0.0],"Max_Spawn_Offset_Range":[0.10000000149011612,0.10000000149011612,0.10000000149011612,0.0],"Max_Spawn_Position":[0.699999988079071,-0.20000000298023224,0.10000000149011612,0.0],"Max_Spawn_Time":0.05000000074505806,"Max_Speed":[0.0,0.5,0.0,0.0],"Max_Speed_Force":[0.0,0.029999999329447746,0.0,0.0],"Max_Start_Color":[0.8395042419433594,0.8250905871391296,0.7994710803031921,0.6000000238418579],"Max_Start_Rotation":[0.0,0.0,0.0,0.0],"Max_Start_Scale":[0.4000000059604645,0.4000000059604645,0.0,0.0],"Min_Color_Force":[0.0,0.0,0.0,-0.029999999329447746],"Min_Color_Speed":[0.0,0.0,0.0,1.0],"Min_Life_Time":9999.0,"Min_Limit_Speed":[0.0,0.0,0.0,0.0],"Min_Rotation":[0.0,0.0,0.0,0.0],"Min_Rotation_Force":[0.0,0.0,0.0,0.0],"Min_Rotation_Speed":[0.0,0.0,0.0,0.0],"Min_Scale":[0.0,0.0,0.0,0.0],"Min_Scale_Force":[0.10000000149011612,0.10000000149011612,0.0,0.0],"Min_Scale_Speed":[0.0,0.0,0.0,0.0],"Min_Spawn_Offset_Direction":[-1.0,-1.0,-1.0,0.0],"Min_Spawn_Offset_Range":[0.0,0.0,0.0,0.0],"Min_Spawn_Position":[-0.699999988079071,-0.20000000298023224,-0.10000000149011612,0.0],"Min_Spawn_Time":0.0,"Min_Speed":[0.0,0.10000000149011612,0.0,0.0],"Min_Speed_Force":[0.0,0.009999999776482582,0.0,0.0],"Min_Start_Color":[0.8773584961891174,0.8296775221824646,0.7449270486831665,0.6000000238418579],"Min_Start_Rotation":[0.0,0.0,0.0,0.0],"Min_Start_Scale":[0.30000001192092896,0.30000001192092896,0.0,0.0],"Name":"RectEffect.png","Noise_Start_UV":[0.0,0.0,0.0,0.0],"Noise_UV_Force":[0.0,0.0,0.0,0.0],"Noise_UV_Max":[1.0,1.0,0.0,0.0],"Noise_UV_Speed":[0.0,0.0,0.0,0.0],"ParticleType":3,"ShaderPassIndex":12,"Sync_Animation":false,"Sync_AnimationKey":3,"UV_Diffuse_Index":81,"UV_Mask_Index":0,"UV_Noise_Index":0},"1":{"Diffuse_Start_UV":[0.0,0.0,0.0,0.0],"Diffuse_UV_Force":[0.0,0.0,0.0,0.0],"Diffuse_UV_Max":[1.0,1.0,0.0,0.0],"Diffuse_UV_Speed":[0.0,0.0,0.0,0.0],"Diffuse_XInverse":true,"Diffuse_YInverse":false,"Discard_Ratio":0.25,"Follow_Transform":1,"Init_Time":0.0,"Is_Bloom":false,"Is_Boner":false,"Is_Easing_Position":false,"Is_Easing_Rotation":false,"Is_Easing_Scale":false,"Is_Easing_Speed":false,"Is_Glow":false,"Is_Gray_Only_Use_Red":false,"Is_Looping":false,"Is_MoveLook":false,"Is_Use_Gravity":false,"Mask_Start_UV":[0.0,0.0,0.0,0.0],"Mask_UV_Force":[0.0,0.0,0.0,0.0],"Mask_UV_Max":[1.0,1.0,0.0,0.0],"Mask_UV_Speed":[0.0,0.0,0.0,0.0],"Max_Color":[1.0,1.0,1.0,1.0],"Max_Color_Force":[0.0,0.0,0.0,-0.029999999329447746],"Max_Color_Speed":[0.0,0.0,0.0,1.0],"Max_Instance":5,"Max_Life_Time":0.0,"Max_Limit_Speed":[0.0,1.0,0.0,0.0],"Max_Rotation":[0.0,0.0,0.0,0.0],"Max_Rotation_Force":[0.0,0.0,0.0,0.0],"Max_Rotation_Speed":[0.0,0.0,0.0,0.0],"Max_Scale":[5.0,5.0,0.0,0.0],"Max_Scale_Force":[0.10999999940395355,0.10999999940395355,0.0,0.0],"Max_Scale_Speed":[0.0,0.0,0.0,0.0],"Max_Spawn_Offset_Direction":[1.0,1.0,1.0,0.0],"Max_Spawn_Offset_Range":[0.10000000149011612,0.10000000149011612,0.10000000149011612,0.0],"Max_Spawn_Position":[0.699999988079071,-0.20000000298023224,0.10000000149011612,0.0],"Max_Spawn_Time":0.05000000074505806,"Max_Speed":[0.0,0.5,0.0,0.0],"Max_Speed_Force":[0.0,0.029999999329447746,0.0,0.0],"Max_Start_Color":[0.8395000100135803,0.8250899910926819,0.7994700074195862,0.6000000238418579],"Max_Start_Rotation":[0.0,0.0,0.0,0.0],"Max_Start_Scale":[0.4000000059604645,0.4000000059604645,0.0,0.0],"Min_Color_Force":[0.0,0.0,0.0,-0.029999999329447746],"Min_Color_Speed":[0.0,0.0,0.0,1.0],"Min_Life_Time":9999.0,"Min_Limit_Speed":[0.0,0.0,0.0,0.0],"Min_Rotation":[0.0,0.0,0.0,0.0],"Min_Rotation_Force":[0.0,0.0,0.0,0.0],"Min_Rotation_Speed":[0.0,0.0,0.0,0.0],"Min_Scale":[0.0,0.0,0.0,0.0],"Min_Scale_Force":[0.10000000149011612,0.10000000149011612,0.0,0.0],"Min_Scale_Speed":[0.0,0.0,0.0,0.0],"Min_Spawn_Offset_Direction":[-1.0,-1.0,-1.0,0.0],"Min_Spawn_Offset_Range":[0.0,0.0,0.0,0.0],"Min_Spawn_Position":[-0.699999988079071,-0.20000000298023224,-0.10000000149011612,0.0],"Min_Spawn_Time":0.0,"Min_Speed":[0.0,0.10000000149011612,0.0,0.0],"Min_Speed_Force":[0.0,0.009999999776482582,0.0,0.0],"Min_Start_Color":[0.8518518209457397,0.812912106513977,0.7436801791191101,0.6000000238418579],"Min_Start_Rotation":[0.0,0.0,0.0,0.0],"Min_Start_Scale":[0.30000001192092896,0.30000001192092896,0.0,0.0],"Name":"RectEffect.png","Noise_Start_UV":[0.0,0.0,0.0,0.0],"Noise_UV_Force":[0.0,0.0,0.0,0.0],"Noise_UV_Max":[1.0,1.0,0.0,0.0],"Noise_UV_Speed":[0.0,0.0,0.0,0.0],"ParticleType":3,"ShaderPassIndex":4,"Sync_Animation":false,"Sync_AnimationKey":3,"UV_Diffuse_Index":81,"UV_Mask_Index":0,"UV_Noise_Index":0}},"EffectParticleCount":2}
