{"EffectGroupName":"CVS_SaberAtk1_BackFire1","EffectMeshCount":0,"EffectParticle":{"0":{"Color_Force":[0.0,0.0,0.0,-0.009999999776482582],"Color_Speed":[0.0,0.0,0.0,0.0],"Diffuse_Start_UV":[0.0,0.0,0.0,0.0],"Diffuse_UV_Force":[0.0,0.0,0.0,0.0],"Diffuse_UV_Max":[1.0,1.0,0.0,0.0],"Diffuse_UV_Speed":[0.0,0.0,0.0,0.0],"Discard_Ratio":0.10000000149011612,"Follow_Transform":1,"Gravity_Force":[0.0,-0.30000001192092896,0.0,0.0],"Init_Time":0.0,"Is_Bloom":false,"Is_Boner":false,"Is_Easing_Position":false,"Is_Easing_Rotation":false,"Is_Easing_Scale":false,"Is_Easing_Speed":true,"Is_Glow":false,"Is_Gray_Only_Use_Red":false,"Is_Looping":false,"Is_MoveLook":true,"Is_Use_Gravity":true,"Mask_Start_UV":[0.0,0.0,0.0,0.0],"Mask_UV_Force":[0.0,0.0,0.0,0.0],"Mask_UV_Max":[1.0,1.0,0.0,0.0],"Mask_UV_Speed":[0.0,0.0,0.0,0.0],"Max_Color":[1.0,1.0,1.0,1.0],"Max_Instance":30,"Max_Life_Time":0.0,"Max_Limit_Speed":[0.009999999776482582,0.009999999776482582,0.009999999776482582,0.0],"Max_Rotation":[1.0,1.0,1.0,0.0],"Max_Scale":[1.0,1.0,1.0,0.0],"Max_Spawn_Offset_Direction":[1.0,1.0,1.0,0.0],"Max_Spawn_Offset_Range":[0.30000001192092896,0.30000001192092896,0.30000001192092896,0.0],"Max_Spawn_Position":[0.0,0.5,0.0,0.0],"Max_Spawn_Time":0.0,"Max_Start_Color":[0.20000000298023224,0.20000000298023224,0.20000000298023224,1.0],"Max_Start_Rotation":[-1.2699999809265137,3.140000104904175,3.140000104904175,0.0],"Max_Start_Scale":[0.05000000074505806,0.10000000149011612,1.0,0.0],"Min_Life_Time":9999.0,"Min_Limit_Speed":[0.0,0.0,0.0,0.0],"Min_Rotation":[0.0,0.0,0.0,0.0],"Min_Scale":[0.0,0.0,0.0,0.0],"Min_Spawn_Offset_Direction":[-1.0,-1.0,-1.0,0.0],"Min_Spawn_Offset_Range":[0.0,0.0,0.0,0.0],"Min_Spawn_Position":[0.0,0.5,0.0,0.0],"Min_Spawn_Time":0.0,"Min_Start_Color":[0.20000000298023224,0.20000000298023224,0.20000000298023224,1.0],"Min_Start_Rotation":[-1.8700000047683716,-3.140000104904175,-3.140000104904175,0.0],"Min_Start_Scale":[0.05000000074505806,0.10000000149011612,1.0,0.0],"Name":"RectEffect.png","Noise_Start_UV":[0.0,0.0,0.0,0.0],"Noise_UV_Force":[0.0,0.0,0.0,0.0],"Noise_UV_Max":[1.0,1.0,0.0,0.0],"Noise_UV_Speed":[0.0,0.0,0.0,0.0],"ParticleType":0,"Rotation_Force":[0.0,0.0,0.0,0.0],"Rotation_Speed":[1.0,1.0,1.0,0.0],"Scale_Force":[0.0,0.0,0.0,0.0],"Scale_Speed":[0.0,0.0,0.0,0.0],"ShaderPassIndex":1,"Speed_Easing_Total_Time":1.0,"Speed_Easing_Type":3,"Sync_Animation":false,"Sync_AnimationKey":15,"UV_Diffuse_Index":12,"UV_Mask_Index":0,"UV_Noise_Index":0}},"EffectParticleCount":1}
