{"EffectGroupName":"CVSClawChargeLoopParticle","EffectMeshCount":0,"EffectParticle":{"0":{"Diffuse_Start_UV":[0.0,0.0,0.0,0.0],"Diffuse_UV_Force":[0.0,0.0,0.0,0.0],"Diffuse_UV_Max":[1.0,1.0,0.0,0.0],"Diffuse_UV_Speed":[0.0,0.0,0.0,0.0],"Discard_Ratio":0.10000000149011612,"Follow_Transform":0,"Glow_Color_Force":[0.0,0.0,0.0,0.0],"Glow_Color_Speed":[0.0,0.0,0.0,-0.05000000074505806],"Init_Time":0.0,"Is_Bloom":true,"Is_Boner":false,"Is_Easing_Position":true,"Is_Easing_Rotation":false,"Is_Easing_Scale":false,"Is_Glow":true,"Is_Gray_Only_Use_Red":false,"Is_Looping":true,"Is_MoveLook":true,"Is_Use_Gravity":false,"Mask_Start_UV":[0.0,0.0,0.0,0.0],"Mask_UV_Force":[0.0,0.0,0.0,0.0],"Mask_UV_Max":[1.0,1.0,0.0,0.0],"Mask_UV_Speed":[0.0,0.0,0.0,0.0],"Max_Color":[1.0,1.0,1.0,1.0],"Max_Color_Force":[-0.05000000074505806,-0.05000000074505806,-0.05000000074505806,-0.05000000074505806],"Max_Color_Speed":[0.0,0.0,0.0,0.0],"Max_Goal_Offset_Position":[1.0,1.0,1.0,0.0],"Max_Instance":2000,"Max_Life_Time":0.0,"Max_Rotation":[0.0,0.0,0.0,0.0],"Max_Rotation_Force":[0.0,0.0,0.0,0.0],"Max_Rotation_Speed":[0.0,0.0,0.0,0.0],"Max_Scale":[1.0,1.0,1.0,0.0],"Max_Scale_Force":[-0.0005000000237487257,-0.0005000000237487257,0.0,0.0],"Max_Scale_Speed":[0.0,0.0,0.0,0.0],"Max_Spawn_Offset_Direction":[0.0,0.0,0.0,0.0],"Max_Spawn_Offset_Range":[0.0,0.0,0.0,0.0],"Max_Spawn_Position":[0.30000001192092896,0.8999999761581421,-0.4000000059604645,0.0],"Max_Spawn_Time":1.7000000476837158,"Max_Start_Color":[0.4292508661746979,0.982758641242981,0.7728073596954346,1.0],"Max_Start_Rotation":[3.140000104904175,3.140000104904175,3.140000104904175,0.0],"Max_Start_Scale":[0.019999999552965164,0.019999999552965164,0.0,0.0],"Min_Color_Force":[-0.05000000074505806,-0.05000000074505806,-0.05000000074505806,-0.05000000074505806],"Min_Color_Speed":[0.0,0.0,0.0,0.0],"Min_Goal_Offset_Position":[-1.0,-1.0,-1.0,0.0],"Min_Life_Time":1.7000000476837158,"Min_Rotation":[0.0,0.0,0.0,0.0],"Min_Rotation_Force":[0.0,0.0,0.0,0.0],"Min_Rotation_Speed":[0.0,0.0,0.0,0.0],"Min_Scale":[9.999999747378752e-05,9.999999747378752e-05,0.0,0.0],"Min_Scale_Force":[-0.0005000000237487257,-0.0005000000237487257,0.0,0.0],"Min_Scale_Speed":[0.0,0.0,0.0,0.0],"Min_Spawn_Offset_Direction":[0.0,0.0,0.0,0.0],"Min_Spawn_Offset_Range":[0.0,0.0,0.0,0.0],"Min_Spawn_Position":[0.30000001192092896,0.8999999761581421,-0.4000000059604645,0.0],"Min_Spawn_Time":0.0,"Min_Start_Color":[0.4292508661746979,0.982758641242981,0.7728073596954346,1.0],"Min_Start_Rotation":[-3.140000104904175,-3.140000104904175,-3.140000104904175,0.0],"Min_Start_Scale":[0.019999999552965164,0.019999999552965164,0.0,0.0],"Name":"RectEffect.png","Noise_Start_UV":[0.0,0.0,0.0,0.0],"Noise_UV_Force":[0.0,0.0,0.0,0.0],"Noise_UV_Max":[1.0,1.0,0.0,0.0],"Noise_UV_Speed":[0.0,0.0,0.0,0.0],"ParticleType":3,"Position_Easing_Total_Time":10.0,"Position_Easing_Type":2,"ShaderPassIndex":1,"Start_Glow_Color":[0.0,0.5,0.4000000059604645,1.0],"Sync_Animation":false,"Sync_AnimationKey":0,"UV_Diffuse_Index":0,"UV_Mask_Index":1,"UV_Noise_Index":0}},"EffectParticleCount":1}
