{"EffectGroupName":"FrameTest","EffectMeshCount":0,"EffectParticle":{"0":{"Diffuse_Start_UV":[0.0,0.0,0.0,0.0],"Diffuse_UV_Max":[1.0,1.0,0.0,0.0],"Diffuse_XInverse":false,"Diffuse_YInverse":false,"Discard_Ratio":0.8999999761581421,"Follow_Transform":0,"Gravity_Force":[0.0,-1.0,0.0,0.0],"Init_Time":0.0,"Is_Looping":true,"Mask_Start_UV":[0.0,0.0,0.0,0.0],"Mask_UV_Max":[1.0,1.0,0.0,0.0],"Max_Color":[1.0,1.0,1.0,1.0],"Max_Instance":3000,"Max_Limit_Speed":[0.0,0.0,30.0,0.0],"Max_Scale":[1.0,1.0,0.0,0.0],"Max_Scale_Force":[-9.999999747378752e-05,-9.999999747378752e-05,0.0,0.0],"Max_Spawn_Offset_Direction":[1.0,1.0,1.0,0.0],"Max_Spawn_Offset_Range":[3.0,3.0,0.0,0.0],"Max_Spawn_Time":5.0,"Max_Speed":[0.0,0.0,30.0,0.0],"Max_Speed_Force":[0.0,0.0,-0.10000000149011612,0.0],"Max_Start_Color":[1.0,0.40909087657928467,0.0,1.0],"Max_Start_Rotation":[0.0,3.140000104904175,3.140000104904175,0.0],"Max_Start_Scale":[0.25,0.25,0.0,0.0],"Min_Life_Time":5.0,"Min_Limit_Speed":[0.0,0.0,0.009999999776482582,0.0],"Min_Scale":[0.0,0.0,0.0,0.0],"Min_Scale_Force":[-0.0010000000474974513,-0.0010000000474974513,0.0,0.0],"Min_Spawn_Offset_Direction":[-1.0,-1.0,-1.0,0.0],"Min_Spawn_Offset_Range":[3.0,3.0,0.0,0.0],"Min_Spawn_Position":[0.0,3.0,5.0,0.0],"Min_Spawn_Time":0.0,"Min_Speed":[0.0,0.0,25.0,0.0],"Min_Speed_Force":[0.0,0.0,-0.5,0.0],"Min_Start_Color":[1.0,0.40909087657928467,0.0,1.0],"Min_Start_Rotation":[-1.0,-3.140000104904175,-3.140000104904175,0.0],"Min_Start_Scale":[0.10000000149011612,0.10000000149011612,0.0,0.0],"Name":"RectEffect.png","Noise_Start_UV":[0.0,0.0,0.0,0.0],"Noise_UV_Max":[1.0,1.0,0.0,0.0],"ParticleOption1":226,"ParticleOption2":7,"ParticleOption3":17,"ParticleOption4":0,"ParticleOption5":0,"ParticleOption6":3,"ParticleType":3,"Render_Group":7,"ShaderPassIndex":1,"Start_Glow_Color":[1.0,0.0,0.0,1.0],"Sync_Animation":false,"Sync_AnimationKey":270,"UV_Diffuse_Index":0,"UV_Mask_Index":1,"UV_Noise_Index":0},"1":{"Diffuse_Start_UV":[0.0,0.0,0.0,0.0],"Diffuse_UV_Max":[1.0,1.0,0.0,0.0],"Diffuse_XInverse":false,"Diffuse_YInverse":false,"Discard_Ratio":0.8999999761581421,"Follow_Transform":0,"Gravity_Force":[0.0,-1.0,0.0,0.0],"Init_Time":0.0,"Is_Looping":true,"Mask_Start_UV":[0.0,0.0,0.0,0.0],"Mask_UV_Max":[1.0,1.0,0.0,0.0],"Max_Color":[1.0,1.0,1.0,1.0],"Max_Instance":1000,"Max_Limit_Speed":[0.0,0.0,30.0,0.0],"Max_Scale":[1.0,1.0,0.0,0.0],"Max_Scale_Force":[-9.999999747378752e-05,-9.999999747378752e-05,0.0,0.0],"Max_Spawn_Offset_Direction":[1.0,1.0,1.0,0.0],"Max_Spawn_Offset_Range":[3.0,3.0,0.0,0.0],"Max_Spawn_Time":5.0,"Max_Speed":[0.0,0.0,30.0,0.0],"Max_Speed_Force":[0.0,0.0,-0.10000000149011612,0.0],"Max_Start_Color":[1.0,0.4545454978942871,0.0,1.0],"Max_Start_Rotation":[0.0,3.140000104904175,3.140000104904175,0.0],"Max_Start_Scale":[0.25,0.25,0.0,0.0],"Min_Life_Time":5.0,"Min_Limit_Speed":[0.0,0.0,0.009999999776482582,0.0],"Min_Scale":[0.0,0.0,0.0,0.0],"Min_Scale_Force":[-0.0010000000474974513,-0.0010000000474974513,0.0,0.0],"Min_Spawn_Offset_Direction":[-1.0,-1.0,-1.0,0.0],"Min_Spawn_Offset_Range":[3.0,3.0,0.0,0.0],"Min_Spawn_Position":[0.0,3.0,5.0,0.0],"Min_Spawn_Time":0.0,"Min_Speed":[0.0,0.0,25.0,0.0],"Min_Speed_Force":[0.0,0.0,-0.5,0.0],"Min_Start_Color":[1.0,0.4545454978942871,0.0,1.0],"Min_Start_Rotation":[-1.0,-3.140000104904175,-3.140000104904175,0.0],"Min_Start_Scale":[0.10000000149011612,0.10000000149011612,0.0,0.0],"Name":"RectEffect.png","Noise_Start_UV":[0.0,0.0,0.0,0.0],"Noise_UV_Max":[1.0,1.0,0.0,0.0],"ParticleOption1":226,"ParticleOption2":7,"ParticleOption3":17,"ParticleOption4":0,"ParticleOption5":0,"ParticleOption6":3,"ParticleType":3,"Render_Group":7,"ShaderPassIndex":1,"Start_Glow_Color":[1.0,0.0,0.0,1.0],"Sync_Animation":false,"Sync_AnimationKey":270,"UV_Diffuse_Index":0,"UV_Mask_Index":1,"UV_Noise_Index":0},"2":{"Diffuse_Start_UV":[0.0,0.0,0.0,0.0],"Diffuse_UV_Max":[1.0,1.0,0.0,0.0],"Diffuse_XInverse":false,"Diffuse_YInverse":false,"Discard_Ratio":0.8999999761581421,"Follow_Transform":0,"Gravity_Force":[0.0,-1.0,0.0,0.0],"Init_Time":0.0,"Is_Looping":true,"Mask_Start_UV":[0.0,0.0,0.0,0.0],"Mask_UV_Max":[1.0,1.0,0.0,0.0],"Max_Color":[1.0,1.0,1.0,1.0],"Max_Instance":1000,"Max_Limit_Speed":[0.0,0.0,30.0,0.0],"Max_Scale":[1.0,1.0,0.0,0.0],"Max_Scale_Force":[-9.999999747378752e-05,-9.999999747378752e-05,0.0,0.0],"Max_Spawn_Offset_Direction":[1.0,1.0,1.0,0.0],"Max_Spawn_Offset_Range":[3.0,3.0,0.0,0.0],"Max_Spawn_Time":5.0,"Max_Speed":[0.0,0.0,30.0,0.0],"Max_Speed_Force":[0.0,0.0,-0.10000000149011612,0.0],"Max_Start_Color":[1.0,0.40909087657928467,0.0,1.0],"Max_Start_Rotation":[0.0,3.140000104904175,3.140000104904175,0.0],"Max_Start_Scale":[0.25,0.25,0.0,0.0],"Min_Life_Time":5.0,"Min_Limit_Speed":[0.0,0.0,0.009999999776482582,0.0],"Min_Scale":[0.0,0.0,0.0,0.0],"Min_Scale_Force":[-0.0010000000474974513,-0.0010000000474974513,0.0,0.0],"Min_Spawn_Offset_Direction":[-1.0,-1.0,-1.0,0.0],"Min_Spawn_Offset_Range":[3.0,3.0,0.0,0.0],"Min_Spawn_Position":[0.0,3.0,5.0,0.0],"Min_Spawn_Time":0.0,"Min_Speed":[0.0,0.0,25.0,0.0],"Min_Speed_Force":[0.0,0.0,-0.5,0.0],"Min_Start_Color":[1.0,0.40909087657928467,0.0,1.0],"Min_Start_Rotation":[-1.0,-3.140000104904175,-3.140000104904175,0.0],"Min_Start_Scale":[0.10000000149011612,0.10000000149011612,0.0,0.0],"Name":"RectEffect.png","Noise_Start_UV":[0.0,0.0,0.0,0.0],"Noise_UV_Max":[1.0,1.0,0.0,0.0],"ParticleOption1":226,"ParticleOption2":7,"ParticleOption3":17,"ParticleOption4":0,"ParticleOption5":0,"ParticleOption6":3,"ParticleType":3,"Render_Group":7,"ShaderPassIndex":1,"Start_Glow_Color":[1.0,0.0,0.0,1.0],"Sync_Animation":false,"Sync_AnimationKey":270,"UV_Diffuse_Index":0,"UV_Mask_Index":1,"UV_Noise_Index":0},"3":{"Diffuse_Start_UV":[0.0,0.0,0.0,0.0],"Diffuse_UV_Max":[1.0,1.0,0.0,0.0],"Diffuse_XInverse":false,"Diffuse_YInverse":false,"Discard_Ratio":0.8999999761581421,"Follow_Transform":0,"Gravity_Force":[0.0,-1.0,0.0,0.0],"Init_Time":0.0,"Is_Looping":true,"Mask_Start_UV":[0.0,0.0,0.0,0.0],"Mask_UV_Max":[1.0,1.0,0.0,0.0],"Max_Color":[1.0,1.0,1.0,1.0],"Max_Instance":1000,"Max_Limit_Speed":[0.0,0.0,30.0,0.0],"Max_Scale":[1.0,1.0,0.0,0.0],"Max_Scale_Force":[-9.999999747378752e-05,-9.999999747378752e-05,0.0,0.0],"Max_Spawn_Offset_Direction":[1.0,1.0,1.0,0.0],"Max_Spawn_Offset_Range":[3.0,3.0,0.0,0.0],"Max_Spawn_Time":5.0,"Max_Speed":[0.0,0.0,30.0,0.0],"Max_Speed_Force":[0.0,0.0,-0.10000000149011612,0.0],"Max_Start_Color":[1.0,0.5,0.0,1.0],"Max_Start_Rotation":[0.0,3.140000104904175,3.140000104904175,0.0],"Max_Start_Scale":[0.25,0.25,0.0,0.0],"Min_Life_Time":5.0,"Min_Limit_Speed":[0.0,0.0,0.009999999776482582,0.0],"Min_Scale":[0.0,0.0,0.0,0.0],"Min_Scale_Force":[-0.0010000000474974513,-0.0010000000474974513,0.0,0.0],"Min_Spawn_Offset_Direction":[-1.0,-1.0,-1.0,0.0],"Min_Spawn_Offset_Range":[3.0,3.0,0.0,0.0],"Min_Spawn_Position":[0.0,3.0,5.0,0.0],"Min_Spawn_Time":0.0,"Min_Speed":[0.0,0.0,25.0,0.0],"Min_Speed_Force":[0.0,0.0,-0.5,0.0],"Min_Start_Color":[1.0,0.5,0.0,1.0],"Min_Start_Rotation":[-1.0,-3.140000104904175,-3.140000104904175,0.0],"Min_Start_Scale":[0.10000000149011612,0.10000000149011612,0.0,0.0],"Name":"RectEffect.png","Noise_Start_UV":[0.0,0.0,0.0,0.0],"Noise_UV_Max":[1.0,1.0,0.0,0.0],"ParticleOption1":226,"ParticleOption2":7,"ParticleOption3":17,"ParticleOption4":0,"ParticleOption5":0,"ParticleOption6":3,"ParticleType":3,"Render_Group":7,"ShaderPassIndex":1,"Start_Glow_Color":[1.0,0.0,0.0,1.0],"Sync_Animation":false,"Sync_AnimationKey":270,"UV_Diffuse_Index":0,"UV_Mask_Index":1,"UV_Noise_Index":0},"4":{"Diffuse_Start_UV":[0.0,0.0,0.0,0.0],"Diffuse_UV_Max":[1.0,1.0,0.0,0.0],"Diffuse_XInverse":false,"Diffuse_YInverse":false,"Discard_Ratio":0.8999999761581421,"Follow_Transform":0,"Gravity_Force":[0.0,-1.0,0.0,0.0],"Init_Time":0.0,"Is_Looping":true,"Mask_Start_UV":[0.0,0.0,0.0,0.0],"Mask_UV_Max":[1.0,1.0,0.0,0.0],"Max_Color":[1.0,1.0,1.0,1.0],"Max_Instance":1000,"Max_Limit_Speed":[0.0,0.0,30.0,0.0],"Max_Scale":[1.0,1.0,0.0,0.0],"Max_Scale_Force":[-9.999999747378752e-05,-9.999999747378752e-05,0.0,0.0],