{"EffectGroupName":"Joker_Start_Smoke","EffectMeshCount":0,"EffectParticle":{"0":{"Diffuse_Start_UV":[0.0,0.0,0.0,0.0],"Diffuse_UV_Force":[0.0,0.0,0.0,0.0],"Diffuse_UV_Max":[1.0,1.0,0.0,0.0],"Diffuse_UV_Speed":[0.0,0.0,0.0,0.0],"Diffuse_XInverse":false,"Diffuse_YInverse":false,"Discard_Ratio":0.20000000298023224,"Follow_Transform":0,"Init_Time":0.0,"Is_Bloom":false,"Is_Easing_Alpha":false,"Is_Easing_Scale":false,"Is_Glow":false,"Is_Gray_Only_Use_Red":false,"Is_Looping":false,"Is_Stop_At_End_Frame":false,"Loop_Sprite":false,"Mask_Start_UV":[0.0,0.0,0.0,0.0],"Mask_UV_Force":[0.0,0.0,0.0,0.0],"Mask_UV_Max":[1.0,1.0,0.0,0.0],"Mask_UV_Speed":[0.0,0.0,0.0,0.0],"Max_Color":[1.0,1.0,1.0,1.0],"Max_Color_Force":[0.0,0.0,0.0,0.0],"Max_Color_Speed":[0.0,0.0,0.0,-0.5],"Max_Instance":200,"Max_Limit_Speed":[0.0,0.0,2.0,0.0],"Max_Scale":[3.0,3.0,0.0,0.0],"Max_Scale_Force":[0.0,0.0,0.0,0.0],"Max_Scale_Speed":[0.0,0.0,0.0,0.0],"Max_Spawn_Offset_Direction":[1.0,1.0,1.0,0.0],"Max_Spawn_Offset_Range":[0.10000000149011612,0.0,0.0,0.0],"Max_Spawn_Position":[0.0,0.0,0.0,0.0],"Max_Spawn_Time":0.10000000149011612,"Max_Speed":[0.0,0.0,1.0,0.0],"Max_Speed_Force":[0.0,0.0,0.019999999552965164,0.0],"Max_Start_Color":[0.5491803288459778,0.5491803288459778,0.5491803288459778,0.800000011920929],"Max_Start_Rotation":[0.0,3.140000104904175,0.0,0.0],"Max_Start_Scale":[2.0,2.0,0.0,0.0],"Min_Color_Force":[0.0,0.0,0.0,0.0],"Min_Color_Speed":[0.0,0.0,0.0,-1.0],"Min_Life_Time":1.0,"Min_Limit_Speed":[0.0,0.0,0.0,0.0],"Min_Scale":[0.0,0.0,0.0,0.0],"Min_Scale_Force":[0.0,0.0,0.0,0.0],"Min_Scale_Speed":[0.0,0.0,0.0,0.0],"Min_Spawn_Offset_Direction":[-1.0,-1.0,-1.0,0.0],"Min_Spawn_Offset_Range":[0.0,0.0,0.0,0.0],"Min_Spawn_Position":[1.149999976158142,0.30000001192092896,1.5,0.0],"Min_Spawn_Time":0.0,"Min_Speed":[0.0,0.0,1.0,0.0],"Min_Speed_Force":[0.0,0.0,0.009999999776482582,0.0],"Min_Start_Color":[0.5491803288459778,0.5491803288459778,0.5491803288459778,0.800000011920929],"Min_Start_Rotation":[0.0,-3.140000104904175,0.0,0.0],"Min_Start_Scale":[1.0,1.0,0.0,0.0],"Name":"RectEffect.png","Noise_Start_UV":[0.0,0.0,0.0,0.0],"Noise_UV_Force":[0.0,0.0,0.0,0.0],"Noise_UV_Max":[1.0,1.0,0.0,0.0],"Noise_UV_Speed":[0.0,0.0,0.0,0.0],"ParticleOption1":242,"ParticleOption2":14,"ParticleOption3":0,"ParticleType":3,"Render_Group":6,"ShaderPassIndex":15,"Sprite_FrameSpeed":0.019999999552965164,"Sprite_NumFrameX":8,"Sprite_NumFrameY":8,"Sync_Animation":false,"Sync_AnimationKey":32,"UV_Diffuse_Index":10,"UV_Mask_Index":0,"UV_Noise_Index":0},"1":{"Diffuse_Start_UV":[0.0,0.0,0.0,0.0],"Diffuse_UV_Force":[0.0,0.0,0.0,0.0],"Diffuse_UV_Max":[1.0,1.0,0.0,0.0],"Diffuse_UV_Speed":[0.0,0.0,0.0,0.0],"Diffuse_XInverse":true,"Diffuse_YInverse":false,"Discard_Ratio":0.10000000149011612,"Follow_Transform":0,"Gravity_Force":[0.0,0.30000001192092896,0.0,0.0],"Init_Time":0.0,"Is_Bloom":false,"Is_Easing_Alpha":false,"Is_Easing_Scale":false,"Is_Glow":false,"Is_Gray_Only_Use_Red":false,"Is_Looping":false,"Is_Stop_At_End_Frame":false,"Loop_Sprite":false,"Mask_Start_UV":[0.0,0.0,0.0,0.0],"Mask_UV_Force":[0.0,0.0,0.0,0.0],"Mask_UV_Max":[1.0,1.0,0.0,0.0],"Mask_UV_Speed":[0.0,0.0,0.0,0.0],"Max_Color":[1.0,1.0,1.0,1.0],"Max_Color_Force":[0.0,0.0,0.0,0.0],"Max_Color_Speed":[0.0,0.0,0.0,0.0],"Max_Instance":1,"Max_Limit_Speed":[0.0,0.0,0.0,0.0],"Max_Scale":[3.0,3.0,0.0,0.0],"Max_Scale_Force":[0.0,0.0,0.0,0.0],"Max_Scale_Speed":[0.0,0.0,0.0,0.0],"Max_Spawn_Position":[0.0,0.0,0.0,0.0],"Max_Start_Color":[0.5409836173057556,0.5409836173057556,0.5409836173057556,0.800000011920929],"Max_Start_Rotation":[0.0,0.0,0.0,0.0],"Max_Start_Scale":[2.5,2.5,0.0,0.0],"Min_Color_Force":[0.0,0.0,0.0,0.0],"Min_Color_Speed":[0.0,0.0,0.0,0.0],"Min_Life_Time":1.0,"Min_Limit_Speed":[0.0,0.0,0.0,0.0],"Min_Scale":[0.0,0.0,0.0,0.0],"Min_Scale_Force":[0.0,0.0,0.0,0.0],"Min_Scale_Speed":[0.0,0.0,0.0,0.0],"Min_Spawn_Offset_Direction":[0.0,0.0,0.0,0.0],"Min_Spawn_Offset_Range":[0.0,0.0,0.0,0.0],"Min_Spawn_Position":[1.149999976158142,1.0,1.5,0.0],"Min_Spawn_Time":0.0,"Min_Start_Color":[0.5409836173057556,0.5409836173057556,0.5409836173057556,0.800000011920929],"Min_Start_Rotation":[0.0,0.0,0.0,0.0],"Min_Start_Scale":[2.5,2.5,0.0,0.0],"Name":"RectEffect.png","Noise_Start_UV":[0.0,0.0,0.0,0.0],"Noise_UV_Force":[0.0,0.0,0.0,0.0],"Noise_UV_Max":[1.0,1.0,0.0,0.0],"Noise_UV_Speed":[0.0,0.0,0.0,0.0],"ParticleOption1":16,"ParticleOption2":1,"ParticleOption3":0,"ParticleType":3,"Render_Group":7,"ShaderPassIndex":15,"Sprite_FrameSpeed":0.019999999552965164,"Sprite_NumFrameX":8,"Sprite_NumFrameY":8,"Sync_Animation":false,"Sync_AnimationKey":32,"UV_Diffuse_Index":23,"UV_Mask_Index":0,"UV_Noise_Index":0},"2":{"Diffuse_Start_UV":[0.0,0.0,0.0,0.0],"Diffuse_UV_Force":[0.0,0.0,0.0,0.0],"Diffuse_UV_Max":[1.0,1.0,0.0,0.0],"Diffuse_UV_Speed":[0.0,0.0,0.0,0.0],"Diffuse_XInverse":false,"Diffuse_YInverse":false,"Discard_Ratio":0.10000000149011612,"Follow_Transform":0,"Glow_Color_Force":[0.0,0.0,0.0,0.0],"Glow_Color_Speed":[0.0,0.0,0.0,0.0],"Init_Time":0.0,"Is_Bloom":true,"Is_Easing_Alpha":false,"Is_Easing_Scale":false,"Is_Glow":true,"Is_Gray_Only_Use_Red":false,"Is_Looping":false,"Mask_Start_UV":[0.0,0.0,0.0,0.0],"Mask_UV_Force":[0.0,0.0,0.0,0.0],"Mask_UV_Max":[1.0,1.0,0.0,0.0],"Mask_UV_Speed":[0.0,0.0,0.0,0.0],"Max_Color":[1.0,1.0,1.0,1.0],"Max_Color_Force":[0.0,0.0,0.0,0.0],"Max_Color_Speed":[0.0,-1.0,-1.0,0.0],"Max_Instance":300,"Max_Limit_Speed":[8.0,0.0,1.0,0.0],"Max_Rotation":[0.0,0.0,0.0,0.0],"Max_Rotation_Speed":[0.0,0.0,-1.0,0.0],"Max_Scale":[0.30000001192092896,1.0,0.0,0.0],"Max_Scale_Force":[-0.009999999776482582,0.0,0.0,0.0],"Max_Scale_Speed":[0.0,0.0,0.0,0.0],"Max_Spawn_Position":[0.0,0.0,0.0,0.0],"Max_Speed":[8.0,0.0,0.0,0.0],"Max_Speed_Force":[-0.10000000149011612,0.0,0.0,0.0],"Max_Start_Color":[1.0,1.0,1.0,1.0],"Max_Start_Rotation":[0.0,3.140000104904175,2.0,0.0],"Max_Start_Scale":[0.30000001192092896,1.0,0.0,0.0],"Max_Y_Scale_Ratio":0.03999999910593033,"Min_Color_Force":[0.0,0.0,0.0,0.0],"Min_Color_Speed":[0.0,-1.0,-1.0,0.0],"Min_Life_Time":0.5,"Min_Limit_Speed":[0.004999999888241291,0.0,0.0,0.0],"Min_Rotation":[0.0,0.0,-3.0,0.0],"Min_Rotation_Speed":[0.0,0.0,-3.0,0.0],"Min_Scale":[0.0,0.0,0.0,0.0],"Min_Scale_Force":[-0.029999999329447746,0.0,0.0,0.0],"Min_Scale_Speed":[0.0,0.0,0.0,0.0],"Min_Spawn_Offset_Direction":[0.0,0.0,0.0,0.0],"Min_Spawn_Offset_Range":[0.0,0.0,0.0,0.0],"Min_Spawn_Position":[1.149999976158142,0.0,1.5,0.0],"Min_Spawn_Time":0.0,"Min_Speed":[5.0,0.0,0.0,0.0],"Min_Speed_Force":[-0.30000001192092896,0.0,0.0,0.0],"Min_Start_Color":[1.0,1.0,1.0,1.0],"Min_Start_Rotation":[0.0,-3.140000104904175,1.0,0.0],"Min_Start_Scale":[0.10000000149011612,1.0,0.0,0.0],"Min_Y_Scale_Ratio":0.029999999329447746,"Name":"RectEffect.png","Noise_Start_UV":[0.0,0.0,0.0,0.0],"Noise_UV_Force":[0.0,0.0,0.0,0.0],"Noise_UV_Max":[1.0,1.0,0.0,0.0],"Noise_UV_Speed":[0.0,0.0,0.0,0.0],"ParticleOption1":144,"ParticleOption2":94,"ParticleOption3":2,"ParticleType":0,"Render_Group":7,"ShaderPassIndex":1,"Start_Glow_Color":[1.0,0.458823561668396,0.0,1.0],"Sync_Animation":false,"Sync_AnimationKey":32,"UV_Diffuse_Index":0,"UV_Mask_Index":1,"UV_Noise_Index":0}},"EffectParticleCount":3}
