{"EffectGroupName":"LongClaw_L01_BackFire05","EffectMeshCount":0,"EffectParticle":{"0":{"Color_Force":[0.0,0.0,0.0,0.0],"Color_Speed":[0.0,0.0,0.0,0.0],"Diffuse_Start_UV":[0.0,0.0,0.0,0.0],"Diffuse_UV_Force":[0.0,0.0,0.0,0.0],"Diffuse_UV_Max":[1.0,1.0,0.0,0.0],"Diffuse_UV_Speed":[0.0,0.0,0.0,0.0],"Discard_Ratio":0.10000000149011612,"Follow_Transform":1,"Glow_Color_Force":[0.0,0.0,0.0,0.0],"Glow_Color_Speed":[0.0,0.0,0.0,0.0],"Gravity_Force":[0.0,-0.05000000074505806,0.0,0.0],"Init_Time":0.0,"Is_Bloom":true,"Is_Boner":false,"Is_Easing_Position":false,"Is_Easing_Rotation":false,"Is_Easing_Scale":false,"Is_Easing_Speed":false,"Is_Glow":true,"Is_Gray_Only_Use_Red":false,"Is_Looping":false,"Is_MoveLook":true,"Is_Use_Gravity":true,"Mask_Start_UV":[0.0,0.0,0.0,0.0],"Mask_UV_Force":[0.0,0.0,0.0,0.0],"Mask_UV_Max":[1.0,1.0,0.0,0.0],"Mask_UV_Speed":[0.0,0.0,0.0,0.0],"Max_Color":[1.0,1.0,1.0,1.0],"Max_Instance":100,"Max_Life_Time":0.0,"Max_Limit_Speed":[1.0,1.0,1.0,0.0],"Max_Rotation":[0.0,0.0,0.0,0.0],"Max_Scale":[1.0,1.0,1.0,0.0],"Max_Spawn_Offset_Direction":[1.0,1.0,1.0,0.0],"Max_Spawn_Offset_Range":[0.0,0.0,0.0,0.0],"Max_Spawn_Position":[0.0,0.0,0.0,0.0],"Max_Spawn_Time":0.009999999776482582,"Max_Speed":[10.0,0.0,0.0,0.0],"Max_Speed_Force":[-0.6000000238418579,0.0,0.0,0.0],"Max_Start_Color":[0.0,1.0,0.699999988079071,1.0],"Max_Start_Rotation":[0.0,3.140000104904175,3.140000104904175,0.0],"Max_Start_Scale":[0.10999999940395355,0.010999999940395355,0.0,0.0],"Min_Life_Time":3.0,"Min_Limit_Speed":[0.0010000000474974513,0.0,0.0,0.0],"Min_Rotation":[0.0,0.0,0.0,0.0],"Min_Scale":[0.0,0.0,0.0,0.0],"Min_Spawn_Offset_Direction":[-1.0,-1.0,-1.0,0.0],"Min_Spawn_Offset_Range":[0.0,0.0,0.0,0.0],"Min_Spawn_Position":[0.0,0.800000011920929,0.0,0.0],"Min_Spawn_Time":0.0,"Min_Speed":[8.0,0.0,0.0,0.0],"Min_Speed_Force":[-0.5,0.0,0.0,0.0],"Min_Start_Color":[0.0,1.0,0.699999988079071,1.0],"Min_Start_Rotation":[0.0,-3.140000104904175,-3.140000104904175,0.0],"Min_Start_Scale":[0.10000000149011612,0.009999999776482582,0.0,0.0],"Name":"RectEffect.png","Noise_Start_UV":[0.0,0.0,0.0,0.0],"Noise_UV_Force":[0.0,0.0,0.0,0.0],"Noise_UV_Max":[1.0,1.0,0.0,0.0],"Noise_UV_Speed":[0.0,0.0,0.0,0.0],"ParticleType":0,"Rotation_Force":[0.0,0.0,0.0,0.0],"Rotation_Speed":[0.0,0.0,0.0,0.0],"Scale_Force":[-0.0010000000474974513,0.0,0.0,0.0],"Scale_Speed":[0.0,0.0,0.0,0.0],"ShaderPassIndex":1,"Start_Glow_Color":[0.0,1.0,0.699999988079071,1.0],"Sync_Animation":false,"Sync_AnimationKey":35,"UV_Diffuse_Index":0,"UV_Mask_Index":1,"UV_Noise_Index":0}},"EffectParticleCount":1}
