{"EffectGroupName":"ParryDeflect_R_Sparkle_Test","EffectMeshCount":0,"EffectParticle":{"0":{"Diffuse_Start_UV":[0.0,0.0,0.0,0.0],"Diffuse_UV_Force":[0.0,0.0,0.0,0.0],"Diffuse_UV_Max":[1.0,1.0,0.0,0.0],"Diffuse_UV_Speed":[0.0,0.0,0.0,0.0],"Discard_Ratio":0.10000000149011612,"Follow_Transform":1,"Glow_Color_Force":[0.0,0.0,0.0,0.0],"Glow_Color_Speed":[0.0,0.0,0.0,-0.20000000298023224],"Gravity_Force":[0.0,-0.10000000149011612,0.0,0.0],"Init_Time":0.009999999776482582,"Is_Bloom":true,"Is_Boner":false,"Is_Easing_Position":false,"Is_Easing_Rotation":false,"Is_Easing_Scale":false,"Is_Easing_Speed":false,"Is_Glow":true,"Is_Gray_Only_Use_Red":false,"Is_Looping":false,"Is_MoveLook":true,"Is_Use_Gravity":true,"Mask_Start_UV":[0.0,0.0,0.0,0.0],"Mask_UV_Force":[0.0,0.0,0.0,0.0],"Mask_UV_Max":[1.0,1.0,0.0,0.0],"Mask_UV_Speed":[0.0,0.0,0.0,0.0],"Max_Color":[1.0,1.0,1.0,1.0],"Max_Color_Force":[0.0,0.0,0.0,0.0],"Max_Color_Speed":[0.0,0.0,0.0,0.0],"Max_Instance":0,"Max_Life_Time":0.0,"Max_Limit_Speed":[15.0,0.0,0.0,0.0],"Max_Rotation":[0.0,0.0,1.0,0.0],"Max_Rotation_Force":[0.0,0.0,0.0,0.0],"Max_Rotation_Speed":[0.0,0.0,0.0,0.0],"Max_Scale":[1.0,1.0,0.0,0.0],"Max_Scale_Force":[-0.009999999776482582,0.0,0.0,0.0],"Max_Scale_Speed":[0.0,0.0,0.0,0.0],"Max_Spawn_Offset_Direction":[0.0,1.0,0.0,0.0],"Max_Spawn_Offset_Range":[0.0,0.009999999776482582,0.0,0.0],"Max_Spawn_Position":[0.14499999582767487,1.0750000476837158,0.6299999952316284,0.0],"Max_Spawn_Time":0.10000000149011612,"Max_Speed":[18.0,0.0,0.0,0.0],"Max_Speed_Force":[-0.800000011920929,0.0,0.0,0.0],"Max_Start_Color":[1.0,0.8999999761581421,0.800000011920929,1.0],"Max_Start_Rotation":[0.0,0.5,0.10000000149011612,0.0],"Max_Start_Scale":[0.1550000011920929,0.014999999664723873,0.0,0.0],"Min_Color_Force":[0.0,0.0,0.0,0.0],"Min_Color_Speed":[0.0,0.0,0.0,0.0],"Min_Life_Time":3.5,"Min_Limit_Speed":[0.003000000026077032,0.0,0.0,0.0],"Min_Rotation":[0.0,0.0,-0.09000000357627869,0.0],"Min_Rotation_Force":[0.0,0.0,0.0,0.0],"Min_Rotation_Speed":[0.0,0.0,-1.0,0.0],"Min_Scale":[0.0,0.0,0.0,0.0],"Min_Scale_Force":[-0.004999999888241291,0.0,0.0,0.0],"Min_Scale_Speed":[0.0,0.0,0.0,0.0],"Min_Spawn_Offset_Direction":[0.0,-1.0,0.0,0.0],"Min_Spawn_Offset_Range":[0.0,0.0,0.0,0.0],"Min_Spawn_Position":[0.14499999582767487,1.0750000476837158,0.6299999952316284,0.0],"Min_Spawn_Time":0.0,"Min_Speed":[12.0,0.0,0.0,0.0],"Min_Speed_Force":[-0.6000000238418579,0.0,0.0,0.0],"Min_Start_Color":[1.0,0.8999999761581421,0.800000011920929,1.0],"Min_Start_Rotation":[0.0,-1.0,-0.5,0.0],"Min_Start_Scale":[0.10000000149011612,0.009999999776482582,0.0,0.0],"Name":"RectEffect.png","Noise_Start_UV":[0.0,0.0,0.0,0.0],"Noise_UV_Force":[0.0,0.0,0.0,0.0],"Noise_UV_Max":[1.0,1.0,0.0,0.0],"Noise_UV_Speed":[0.0,0.0,0.0,0.0],"ParticleType":0,"ShaderPassIndex":1,"Start_Glow_Color":[1.0,0.5,0.0,1.0],"Sync_Animation":true,"Sync_AnimationKey":1,"UV_Diffuse_Index":0,"UV_Mask_Index":1,"UV_Noise_Index":0},"1":{"Diffuse_Start_UV":[0.0,0.0,0.0,0.0],"Diffuse_UV_Force":[0.0,0.0,0.0,0.0],"Diffuse_UV_Max":[1.0,1.0,0.0,0.0],"Diffuse_UV_Speed":[0.0,0.0,0.0,0.0],"Discard_Ratio":0.10000000149011612,"Follow_Transform":1,"Glow_Color_Force":[0.0,0.0,0.0,0.0],"Glow_Color_Speed":[0.0,0.0,0.0,0.0],"Gravity_Force":[0.0,-0.10000000149011612,0.0,0.0],"Init_Time":0.009999999776482582,"Is_Bloom":true,"Is_Boner":false,"Is_Easing_Position":false,"Is_Easing_Rotation":false,"Is_Easing_Scale":false,"Is_Easing_Speed":false,"Is_Glow":true,"Is_Gray_Only_Use_Red":false,"Is_Looping":false,"Is_MoveLook":true,"Is_Use_Gravity":true,"Mask_Start_UV":[0.0,0.0,0.0,0.0],"Mask_UV_Force":[0.0,0.0,0.0,0.0],"Mask_UV_Max":[1.0,1.0,0.0,0.0],"Mask_UV_Speed":[0.0,0.0,0.0,0.0],"Max_Color":[1.0,1.0,1.0,1.0],"Max_Color_Force":[0.0,-1.0,-1.0,0.0],"Max_Color_Speed":[0.0,0.0,0.0,0.0],"Max_Instance":35,"Max_Life_Time":0.0,"Max_Limit_Speed":[17.0,0.0,0.0,0.0],"Max_Rotation":[0.0,0.0,1.0,0.0],"Max_Rotation_Force":[0.0,0.0,-0.05000000074505806,0.0],"Max_Rotation_Speed":[0.0,0.0,0.0,0.0],"Max_Scale":[1.0,1.0,0.0,0.0],"Max_Scale_Force":[-0.20000000298023224,0.0,0.0,0.0],"Max_Scale_Speed":[0.0,0.0,0.0,0.0],"Max_Spawn_Offset_Direction":[0.0,0.0,0.0,0.0],"Max_Spawn_Offset_Range":[0.0,0.0,0.0,0.0],"Max_Spawn_Position":[0.14499999582767487,1.0750000476837158,0.6299999952316284,0.0],"Max_Spawn_Time":0.05000000074505806,"Max_Speed":[20.0,0.0,0.0,0.0],"Max_Speed_Force":[-0.75,0.0,0.0,0.0],"Max_Start_Color":[1.0,0.8999999761581421,0.800000011920929,1.0],"Max_Start_Rotation":[0.0,0.20000000298023224,0.5,0.0],"Max_Start_Scale":[0.5,0.019999999552965164,0.0,0.0],"Min_Color_Force":[0.0,-1.0,-1.0,0.0],"Min_Color_Speed":[0.0,0.0,0.0,0.0],"Min_Life_Time":3.5,"Min_Limit_Speed":[0.00800000037997961,0.0,0.0,0.0],"Min_Rotation":[0.0,0.0,-0.004999999888241291,0.0],"Min_Rotation_Force":[0.0,0.0,-0.05000000074505806,0.0],"Min_Rotation_Speed":[0.0,0.0,-1.0,0.0],"Min_Scale":[0.0,0.0,0.0,0.0],"Min_Scale_Force":[-0.0010000000474974513,0.0,0.0,0.0],"Min_Scale_Speed":[0.0,0.0,0.0,0.0],"Min_Spawn_Offset_Direction":[0.0,0.0,0.0,0.0],"Min_Spawn_Offset_Range":[0.0,0.0,0.0,0.0],"Min_Spawn_Position":[0.14499999582767487,1.0750000476837158,0.6299999952316284,0.0],"Min_Spawn_Time":0.0,"Min_Speed":[10.0,0.0,0.0,0.0],"Min_Speed_Force":[-0.4000000059604645,0.0,0.0,0.0],"Min_Start_Color":[1.0,0.8999999761581421,0.800000011920929,1.0],"Min_Start_Rotation":[0.0,-0.4000000059604645,-0.30000001192092896,0.0],"Min_Start_Scale":[0.10000000149011612,0.019999999552965164,0.0,0.0],"Name":"RectEffect.png","Noise_Start_UV":[0.0,0.0,0.0,0.0],"Noise_UV_Force":[0.0,0.0,0.0,0.0],"Noise_UV_Max":[1.0,1.0,0.0,0.0],"Noise_UV_Speed":[0.0,0.0,0.0,0.0],"ParticleType":0,"ShaderPassIndex":1,"Start_Glow_Color":[1.0,0.5,0.0,1.0],"Sync_Animation":true,"Sync_AnimationKey":1,"UV_Diffuse_Index":0,"UV_Mask_Index":1,"UV_Noise_Index":0},"2":{"Diffuse_Start_UV":[0.0,0.0,0.0,0.0],"Diffuse_UV_Force":[0.0,0.0,0.0,0.0],"Diffuse_UV_Max":[1.0,1.0,0.0,0.0],"Diffuse_UV_Speed":[0.0,0.0,0.0,0.0],"Discard_Ratio":0.10000000149011612,"Follow_Transform":1,"Glow_Color_Force":[0.0,0.0,0.0,0.0],"Glow_Color_Speed":[0.0,0.0,0.0,0.0],"Gravity_Force":[0.0,-0.009999999776482582,0.0,0.0],"Init_Time":0.029999999329447746,"Is_Bloom":true,"Is_Boner":false,"Is_Easing_Position":false,"Is_Easing_Rotation":false,"Is_Easing_Scale":false,"Is_Easing_Speed":false,"Is_Glow":true,"Is_Gray_Only_Use_Red":false,"Is_Looping":false,"Is_MoveLook":true,"Is_Use_Gravity":true,"Mask_Start_UV":[0.0,0.0,0.0,0.0],"Mask_UV_Force":[0.0,0.0,0.0,0.0],"Mask_UV_Max":[1.0,1.0,0.0,0.0],"Mask_UV_Speed":[0.0,0.0,0.0,0.0],"Max_Color":[0.800000011920929,0.800000011920929,0.800000011920929,1.0],"Max_Color_Force":[0.0,0.0,0.0,0.0],"Max_Color_Speed":[0.0,0.0,0.0,0.0],"Max_Instance":0,"Max_Life_Time":0.0,"Max_Limit_Speed":[0.0,0.0,14.0,0.0],"Max_Rotation":[1.0,0.0,1.0,0.0],"Max_Rotation_Force":[0.0,0.0,0.0,0.0],"Max_Rotation_Speed":[0.5,0.0,0.0,0.0],"Max_Scale":[0.029999999329447746,0.029999999329447746,0.0,0.0],"Max_Scale_Force":[-9.999999747378752e-05,-9.999999747378752e-05,0.0,0.0],"Max_Scale_Speed":[0.0,0.0,0.0,0.0],"Max_Spawn_Offset_Direction":[1.0,1.0,1.0,0.0],"Max_Spawn_Offset_Range":[0.05000000074505806,0.05000000074505806,0.05000000074505806,0.0],"Max_Spawn_Position":[0.14499999582767487,1.0750000476837158,0.6299999952316284,0.0],"Max_Spawn_Time":0.05000000074505806,"Max_Speed":[0.0,0.0,14.0,0.0],"Max_Speed_Force":[0.0,0.0,-1.0,0.0],"Max_Start_Color":[0.6000000238418579,0.6000000238418579,0.6000000238418579,1.0],"Max_Start_Rotation":[3.140000104904175,3.140000104904175,3.140000104904175,0.0],"Max_Start_Scale":[0.029999999329447746,0.029999999329447746,0.0,0.0],"Min_Color_Force":[0.0,0.0,0.0,0.0],"Min_Color_Speed":[0.0,0.0,0.0,0.0],"Min_Life_Time":8.0,"Min_Limit_Speed":[0.0,0.0,0.0010000000474974513,0.0],"Min_Rotation":[-1.0,0.0,0.0,0.0],"Min_Rotation_Force":[0.0,0.0,0.0,0.0],"Min_Rotation_Speed":[-0.5,0.0,0.0,0.0],"Min_Scale":[0.0,0.0,0.0,0.0],"Min_Scale_Force":[-9.999999747378752e-06,-9.999999747378752e-06,0.0,0.0],"Min_Scale_Speed":[0.0,0.0,0.0,0.0],