{"EffectGroupName":"ParryDeflect_R_Sparkle","EffectMeshCount":0,"EffectParticle":{"0":{"Diffuse_Start_UV":[0.0,0.0,0.0,0.0],"Diffuse_UV_Force":[0.0,0.0,0.0,0.0],"Diffuse_UV_Max":[1.0,1.0,0.0,0.0],"Diffuse_UV_Speed":[0.0,0.0,0.0,0.0],"Diffuse_XInverse":false,"Diffuse_YInverse":false,"Discard_Ratio":0.800000011920929,"Follow_Transform":0,"Glow_Color_Force":[0.0,0.0,0.0,0.0],"Glow_Color_Speed":[0.0,0.0,0.0,-0.20000000298023224],"Gravity_Force":[0.0,-0.10000000149011612,0.0,0.0],"Init_Time":0.009999999776482582,"Is_Bloom":true,"Is_Glow":true,"Is_Looping":false,"Mask_Start_UV":[0.0,0.0,0.0,0.0],"Mask_UV_Force":[0.0,0.0,0.0,0.0],"Mask_UV_Max":[1.0,1.0,0.0,0.0],"Mask_UV_Speed":[0.0,0.0,0.0,0.0],"Max_Color":[1.0,1.0,1.0,1.0],"Max_Color_Force":[0.0,-0.029999999329447746,-0.029999999329447746,0.0],"Max_Instance":50,"Max_Limit_Speed":[15.0,0.0,0.0,0.0],"Max_Rotation":[0.0,0.0,1.0,0.0],"Max_Rotation_Speed":[0.0,0.0,0.0,0.0],"Max_Scale":[1.0,1.0,0.0,0.0],"Max_Scale_Force":[-0.009999999776482582,0.0,0.0,0.0],"Max_Spawn_Offset_Direction":[0.0,1.0,0.0,0.0],"Max_Spawn_Offset_Range":[0.0,0.009999999776482582,0.0,0.0],"Max_Spawn_Position":[0.0,0.0,0.0,0.0],"Max_Spawn_Time":0.10000000149011612,"Max_Speed":[15.0,0.0,0.0,0.0],"Max_Speed_Force":[-0.800000011920929,0.0,0.0,0.0],"Max_Start_Color":[1.0,0.8999999761581421,0.800000011920929,1.0],"Max_Start_Rotation":[0.0,0.5,0.10000000149011612,0.0],"Max_Start_Scale":[0.1550000011920929,0.014999999664723873,0.0,0.0],"Min_Color_Force":[0.0,-0.03500000014901161,-0.03500000014901161,0.0],"Min_Life_Time":1.0,"Min_Limit_Speed":[0.003000000026077032,0.0,0.0,0.0],"Min_Rotation":[0.0,0.0,-0.09000000357627869,0.0],"Min_Rotation_Speed":[0.0,0.0,-1.0,0.0],"Min_Scale":[0.0,0.0,0.0,0.0],"Min_Scale_Force":[-0.004999999888241291,0.0,0.0,0.0],"Min_Spawn_Offset_Direction":[0.0,-1.0,0.0,0.0],"Min_Spawn_Offset_Range":[0.0,0.0,0.0,0.0],"Min_Spawn_Position":[0.14499999582767487,1.0750000476837158,0.6299999952316284,0.0],"Min_Spawn_Time":0.0,"Min_Speed":[5.0,0.0,0.0,0.0],"Min_Speed_Force":[-0.6000000238418579,0.0,0.0,0.0],"Min_Start_Color":[1.0,0.8999999761581421,0.800000011920929,1.0],"Min_Start_Rotation":[0.0,-1.0,-0.5,0.0],"Min_Start_Scale":[0.10000000149011612,0.009999999776482582,0.0,0.0],"Name":"RectEffect.png","Noise_Start_UV":[0.0,0.0,0.0,0.0],"Noise_UV_Force":[0.0,0.0,0.0,0.0],"Noise_UV_Max":[1.0,1.0,0.0,0.0],"Noise_UV_Speed":[0.0,0.0,0.0,0.0],"ParticleOption1":242,"ParticleOption2":95,"ParticleOption3":16,"ParticleOption4":8,"ParticleType":0,"Render_Group":7,"ShaderPassIndex":1,"Start_Glow_Color":[1.0,0.5,0.0,1.0],"Sync_Animation":true,"Sync_AnimationKey":0,"UV_Diffuse_Index":0,"UV_Mask_Index":1,"UV_Noise_Index":0},"1":{"Diffuse_Start_UV":[0.0,0.0,0.0,0.0],"Diffuse_UV_Force":[0.0,0.0,0.0,0.0],"Diffuse_UV_Max":[1.0,1.0,0.0,0.0],"Diffuse_UV_Speed":[0.0,0.0,0.0,0.0],"Diffuse_XInverse":false,"Diffuse_YInverse":false,"Discard_Ratio":0.800000011920929,"Follow_Transform":0,"Glow_Color_Force":[0.0,0.0,0.0,0.0],"Glow_Color_Speed":[0.0,0.0,0.0,0.0],"Gravity_Force":[0.0,-0.10000000149011612,0.0,0.0],"Init_Time":0.009999999776482582,"Is_Bloom":true,"Is_Glow":true,"Is_Looping":false,"Mask_Start_UV":[0.0,0.0,0.0,0.0],"Mask_UV_Force":[0.0,0.0,0.0,0.0],"Mask_UV_Max":[1.0,1.0,0.0,0.0],"Mask_UV_Speed":[0.0,0.0,0.0,0.0],"Max_Color":[1.0,1.0,1.0,1.0],"Max_Color_Force":[0.0,-0.014999999664723873,-0.014999999664723873,0.0],"Max_Instance":50,"Max_Limit_Speed":[20.0,0.0,0.0,0.0],"Max_Rotation":[0.0,0.0,1.0,0.0],"Max_Rotation_Force":[0.0,0.0,-0.05000000074505806,0.0],"Max_Rotation_Speed":[0.0,0.0,0.0,0.0],"Max_Scale":[1.0,1.0,0.0,0.0],"Max_Scale_Force":[-0.004999999888241291,0.0,0.0,0.0],"Max_Spawn_Position":[0.0,0.0,0.0,0.0],"Max_Spawn_Time":0.05000000074505806,"Max_Speed":[20.0,0.0,0.0,0.0],"Max_Speed_Force":[-0.75,0.0,0.0,0.0],"Max_Start_Color":[1.0,0.8999999761581421,0.800000011920929,1.0],"Max_Start_Rotation":[0.0,0.20000000298023224,0.5,0.0],"Max_Start_Scale":[0.5,0.019999999552965164,0.0,0.0],"Min_Color_Force":[0.0,-0.014999999664723873,-0.014999999664723873,0.0],"Min_Life_Time":1.25,"Min_Limit_Speed":[0.00800000037997961,0.0,0.0,0.0],"Min_Rotation":[0.0,0.0,-0.004999999888241291,0.0],"Min_Rotation_Force":[0.0,0.0,-0.05000000074505806,0.0],"Min_Rotation_Speed":[0.0,0.0,-1.0,0.0],"Min_Scale":[0.0,0.0,0.0,0.0],"Min_Scale_Force":[-0.014999999664723873,0.0,0.0,0.0],"Min_Spawn_Offset_Direction":[0.0,0.0,0.0,0.0],"Min_Spawn_Offset_Range":[0.0,0.0,0.0,0.0],"Min_Spawn_Position":[0.14499999582767487,1.0750000476837158,0.6299999952316284,0.0],"Min_Spawn_Time":0.0,"Min_Speed":[10.0,0.0,0.0,0.0],"Min_Speed_Force":[-0.4000000059604645,0.0,0.0,0.0],"Min_Start_Color":[1.0,0.8999999761581421,0.800000011920929,1.0],"Min_Start_Rotation":[0.0,-0.4000000059604645,-0.30000001192092896,0.0],"Min_Start_Scale":[0.10000000149011612,0.019999999552965164,0.0,0.0],"Name":"RectEffect.png","Noise_Start_UV":[0.0,0.0,0.0,0.0],"Noise_UV_Force":[0.0,0.0,0.0,0.0],"Noise_UV_Max":[1.0,1.0,0.0,0.0],"Noise_UV_Speed":[0.0,0.0,0.0,0.0],"ParticleOption1":146,"ParticleOption2":127,"ParticleOption3":16,"ParticleOption4":8,"ParticleType":0,"Render_Group":7,"ShaderPassIndex":1,"Start_Glow_Color":[1.0,0.5,0.0,1.0],"Sync_Animation":true,"Sync_AnimationKey":0,"UV_Diffuse_Index":0,"UV_Mask_Index":1,"UV_Noise_Index":0},"2":{"Diffuse_Start_UV":[0.0,0.0,0.0,0.0],"Diffuse_UV_Force":[0.0,0.0,0.0,0.0],"Diffuse_UV_Max":[1.0,1.0,0.0,0.0],"Diffuse_UV_Speed":[0.0,0.0,0.0,0.0],"Diffuse_XInverse":false,"Diffuse_YInverse":false,"Discard_Ratio":0.800000011920929,"Follow_Transform":0,"Glow_Color_Force":[0.0,0.0,0.0,0.0],"Glow_Color_Speed":[0.0,0.0,0.0,0.0],"Gravity_Force":[0.0,-0.009999999776482582,0.0,0.0],"Init_Time":0.029999999329447746,"Is_Bloom":true,"Is_Glow":true,"Is_Looping":false,"Mask_Start_UV":[0.0,0.0,0.0,0.0],"Mask_UV_Force":[0.0,0.0,0.0,0.0],"Mask_UV_Max":[1.0,1.0,0.0,0.0],"Mask_UV_Speed":[0.0,0.0,0.0,0.0],"Max_Color":[0.800000011920929,0.800000011920929,0.800000011920929,1.0],"Max_Instance":100,"Max_Limit_Speed":[0.0,0.0,14.0,0.0],"Max_Rotation":[1.0,0.0,1.0,0.0],"Max_Rotation_Speed":[0.5,0.0,0.0,0.0],"Max_Scale":[0.029999999329447746,0.029999999329447746,0.0,0.0],"Max_Scale_Force":[-9.999999747378752e-05,-9.999999747378752e-05,0.0,0.0],"Max_Spawn_Offset_Direction":[1.0,1.0,1.0,0.0],"Max_Spawn_Offset_Range":[0.05000000074505806,0.05000000074505806,0.05000000074505806,0.0],"Max_Spawn_Position":[0.0,0.0,0.0,0.0],"Max_Spawn_Time":0.05000000074505806,"Max_Speed":[0.0,0.0,14.0,0.0],"Max_Speed_Force":[0.0,0.0,-1.0,0.0],"Max_Start_Color":[0.6000000238418579,0.6000000238418579,0.6000000238418579,1.0],"Max_Start_Rotation":[3.140000104904175,3.140000104904175,3.140000104904175,0.0],"Max_Start_Scale":[0.029999999329447746,0.029999999329447746,0.0,0.0],"Min_Life_Time":8.0,"Min_Limit_Speed":[0.0,0.0,0.0010000000474974513,0.0],"Min_Rotation":[-1.0,0.0,0.0,0.0],"Min_Rotation_Speed":[-0.5,0.0,0.0,0.0],"Min_Scale":[0.0,0.0,0.0,0.0],"Min_Scale_Force":[-9.999999747378752e-06,-9.999999747378752e-06,0.0,0.0],"Min_Spawn_Offset_Direction":[-1.0,-1.0,-1.0,0.0],"Min_Spawn_Offset_Range":[0.0,0.0,0.0,0.0],"Min_Spawn_Position":[0.14499999582767487,1.0750000476837158,0.6299999952316284,0.0],"Min_Spawn_Time":0.0,"Min_Speed":[0.0,0.0,10.0,0.0],"Min_Speed_Force":[0.0,0.0,-0.800000011920929,0.0],"Min_Start_Color":[0.550000011920929,0.550000011920929,0.550000011920929,1.0],"Min_Start_Rotation":[-3.140000104904175,-3.140000104904175,-3.140000104904175,0.0],"Min_Start_Scale":[0.014999999664723873,0.014999999664723873,0.0,0.0],"Name":"RectEffect.png","Noise_Start_UV":[0.0,0.0,0.0,0.0],"Noise_UV_Force":[0.0,0.0,0.0,0.0],"Noise_UV_Max":[1.0,1.0,0.0,0.0],"Noise_UV_Speed":[0.0,0.0,0.0,0.0],"ParticleOption1":242,"ParticleOption2":95,"ParticleOption3":16,"ParticleOption4":0,"ParticleType":3,"Render_Group":7,"ShaderPassIndex":1,"Start_Glow_Color":[0.800000011920929,0.800000011920929,0.800000011920929,0.5],"Sync_Animation":true,"Sync_AnimationKey":0,"UV_Diffuse_Index":0,"UV_Mask_Index":1,"UV_Noise_Index":0},