{"EffectGroupName":"Urd_Parry_L_Sparkle","EffectMeshCount":0,"EffectParticle":{"0":{"Diffuse_Start_UV":[0.0,0.0,0.0,0.0],"Diffuse_UV_Max":[1.0,1.0,0.0,0.0],"Diffuse_XInverse":false,"Diffuse_YInverse":false,"Discard_Ratio":0.8999999761581421,"Follow_Transform":0,"Glow_Color_Force":[0.0,-0.02500000037252903,0.0,0.0],"Init_Time":0.0,"Is_Looping":false,"Mask_Start_UV":[0.0,0.0,0.0,0.0],"Mask_UV_Max":[1.0,1.0,0.0,0.0],"Max_Color":[1.0,1.0,1.0,1.0],"Max_Color_Force":[-0.009999999776482582,-0.05000000074505806,-0.05000000074505806,0.0],"Max_Instance":500,"Max_Limit_Speed":[10.0,0.0,0.0,0.0],"Max_Scale":[1.0,1.0,0.0,0.0],"Max_Scale_Force":[-0.009999999776482582,0.0,0.0,0.0],"Max_Speed":[10.0,0.0,0.0,0.0],"Max_Start_Color":[1.0,1.0,1.0,1.0],"Max_Start_Rotation":[3.140000104904175,3.140000104904175,3.140000104904175,0.0],"Max_Start_Scale":[0.5,0.10000000149011612,0.0,0.0],"Max_Y_Scale_Ratio":0.029999999329447746,"Min_Color_Force":[-0.009999999776482582,-0.05000000074505806,-0.05000000074505806,0.0],"Min_Life_Time":1.0,"Min_Limit_Speed":[0.0,0.0,0.0,0.0],"Min_Scale":[0.0,0.0,0.0,0.0],"Min_Scale_Force":[-0.05000000074505806,0.0,0.0,0.0],"Min_Spawn_Offset_Direction":[0.0,0.0,0.0,0.0],"Min_Spawn_Offset_Range":[0.0,0.0,0.0,0.0],"Min_Spawn_Position":[-0.05000000074505806,1.350000023841858,0.9399999976158142,0.0],"Min_Spawn_Time":0.0,"Min_Speed":[1.0,0.0,0.0,0.0],"Min_Start_Color":[1.0,1.0,1.0,1.0],"Min_Start_Rotation":[-3.140000104904175,-3.140000104904175,-3.140000104904175,0.0],"Min_Start_Scale":[0.10000000149011612,0.10000000149011612,0.0,0.0],"Min_Y_Scale_Ratio":0.009999999776482582,"Name":"RectEffect.png","Noise_Start_UV":[0.0,0.0,0.0,0.0],"Noise_UV_Max":[1.0,1.0,0.0,0.0],"ParticleOption1":128,"ParticleOption2":2,"ParticleOption3":18,"ParticleOption4":8,"ParticleOption5":0,"ParticleOption6":11,"ParticleType":0,"Render_Group":7,"ShaderPassIndex":1,"Start_Glow_Color":[1.0,0.5363128185272217,0.0,1.0],"Sync_Animation":true,"Sync_AnimationKey":0,"UV_Diffuse_Index":0,"UV_Mask_Index":1,"UV_Noise_Index":0},"1":{"Diffuse_Start_UV":[0.0,0.0,0.0,0.0],"Diffuse_UV_Max":[1.0,1.0,0.0,0.0],"Diffuse_XInverse":false,"Diffuse_YInverse":false,"Discard_Ratio":0.8999999761581421,"Follow_Transform":0,"Init_Time":0.0,"Is_Looping":false,"Mask_Start_UV":[0.0,0.0,0.0,0.0],"Mask_UV_Max":[1.0,1.0,0.0,0.0],"Max_Color":[1.0,1.0,1.0,1.0],"Max_Instance":500,"Max_Limit_Speed":[0.0,0.0,15.0,0.0],"Max_Scale":[1.0,1.0,0.0,0.0],"Max_Scale_Force":[-0.0010000000474974513,-0.0010000000474974513,0.0,0.0],"Max_Speed":[0.0,0.0,15.0,0.0],"Max_Speed_Force":[0.0,0.0,-0.10000000149011612,0.0],"Max_Start_Color":[1.0,1.0,1.0,1.0],"Max_Start_Rotation":[3.140000104904175,3.140000104904175,3.140000104904175,0.0],"Max_Start_Scale":[0.029999999329447746,0.029999999329447746,0.0,0.0],"Min_Life_Time":0.5,"Min_Limit_Speed":[0.0,0.0,0.003000000026077032,0.0],"Min_Scale":[0.0,0.0,0.0,0.0],"Min_Scale_Force":[-0.003000000026077032,-0.003000000026077032,0.0,0.0],"Min_Spawn_Offset_Direction":[0.0,0.0,0.0,0.0],"Min_Spawn_Offset_Range":[0.0,0.0,0.0,0.0],"Min_Spawn_Position":[0.0,1.0,0.0,0.0],"Min_Spawn_Time":0.0,"Min_Speed":[0.0,0.0,10.0,0.0],"Min_Speed_Force":[0.0,0.0,-1.0,0.0],"Min_Start_Color":[1.0,1.0,1.0,1.0],"Min_Start_Rotation":[-3.140000104904175,-3.140000104904175,-3.140000104904175,0.0],"Min_Start_Scale":[0.009999999776482582,0.009999999776482582,0.0,0.0],"Name":"RectEffect.png","Noise_Start_UV":[0.0,0.0,0.0,0.0],"Noise_UV_Max":[1.0,1.0,0.0,0.0],"ParticleOption1":128,"ParticleOption2":6,"ParticleOption3":17,"ParticleOption4":0,"ParticleOption5":0,"ParticleOption6":3,"ParticleType":3,"Render_Group":7,"ShaderPassIndex":1,"Start_Glow_Color":[1.0,1.0,1.0,1.0],"Sync_Animation":true,"Sync_AnimationKey":0,"UV_Diffuse_Index":0,"UV_Mask_Index":1,"UV_Noise_Index":0},"2":{"Diffuse_Start_UV":[0.0,0.0,0.0,0.0],"Diffuse_UV_Max":[1.0,1.0,0.0,0.0],"Diffuse_XInverse":false,"Diffuse_YInverse":false,"Discard_Ratio":0.8999999761581421,"Follow_Transform":0,"Gravity_Force":[0.0,0.25,0.0,0.0],"Init_Time":0.0,"Is_Looping":false,"Mask_Start_UV":[0.0,0.0,0.0,0.0],"Mask_UV_Max":[1.0,1.0,0.0,0.0],"Max_Color":[1.0,1.0,1.0,1.0],"Max_Instance":100,"Max_Limit_Speed":[0.0,0.0,15.0,0.0],"Max_Rotation":[2.0,2.0,2.0,0.0],"Max_Rotation_Speed":[2.0,2.0,2.0,0.0],"Max_Scale":[1.0,1.0,0.0,0.0],"Max_Scale_Force":[-4.999999873689376e-05,-4.999999873689376e-05,0.0,0.0],"Max_Speed":[0.0,0.0,15.0,0.0],"Max_Speed_Force":[0.0,0.0,-1.0,0.0],"Max_Start_Color":[1.0,1.0,1.0,1.0],"Max_Start_Rotation":[3.140000104904175,3.140000104904175,3.140000104904175,0.0],"Max_Start_Scale":[0.029999999329447746,0.029999999329447746,0.0,0.0],"Min_Life_Time":3.0,"Min_Limit_Speed":[0.0,0.0,0.003000000026077032,0.0],"Min_Rotation":[-2.0,-2.0,-2.0,0.0],"Min_Rotation_Speed":[-2.0,-2.0,-2.0,0.0],"Min_Scale":[0.0,0.0,0.0,0.0],"Min_Scale_Force":[-9.999999747378752e-05,-9.999999747378752e-05,0.0,0.0],"Min_Spawn_Offset_Direction":[0.0,0.0,0.0,0.0],"Min_Spawn_Offset_Range":[0.0,0.0,0.0,0.0],"Min_Spawn_Position":[0.0,1.0,0.0,0.0],"Min_Spawn_Time":0.0,"Min_Speed":[0.0,0.0,10.0,0.0],"Min_Speed_Force":[0.0,0.0,-2.0,0.0],"Min_Start_Color":[1.0,1.0,1.0,1.0],"Min_Start_Rotation":[-3.140000104904175,-3.140000104904175,-3.140000104904175,0.0],"Min_Start_Scale":[0.009999999776482582,0.009999999776482582,0.0,0.0],"Name":"RectEffect.png","Noise_Start_UV":[0.0,0.0,0.0,0.0],"Noise_UV_Max":[1.0,1.0,0.0,0.0],"ParticleOption1":128,"ParticleOption2":87,"ParticleOption3":17,"ParticleOption4":0,"ParticleOption5":0,"ParticleOption6":3,"ParticleType":3,"Render_Group":7,"ShaderPassIndex":1,"Start_Glow_Color":[1.0,1.0,1.0,1.0],"Sync_Animation":true,"Sync_AnimationKey":0,"UV_Diffuse_Index":0,"UV_Mask_Index":1,"UV_Noise_Index":0}},"EffectParticleCount":3}
