{"EffectGroupName":"Varg_ComboAtk1_3_Impact","EffectMeshCount":0,"EffectParticle":{"0":{"Diffuse_Start_UV":[0.0,0.0,0.0,0.0],"Diffuse_UV_Max":[1.0,1.0,0.0,0.0],"Diffuse_XInverse":false,"Diffuse_YInverse":false,"Discard_Ratio":0.8999999761581421,"Follow_Transform":0,"Init_Time":0.0,"Is_Looping":false,"Mask_Start_UV":[0.0,0.0,0.0,0.0],"Mask_UV_Max":[1.0,1.0,0.0,0.0],"Max_Color":[1.0,1.0,1.0,1.0],"Max_Instance":1000,"Max_Limit_Speed":[0.0,0.0,10.0,0.0],"Max_Rotation":[5.0,10.0,1.0,0.0],"Max_Rotation_Speed":[5.0,5.0,1.0,0.0],"Max_Scale":[1.0,1.0,0.0,0.0],"Max_Scale_Force":[-0.0005000000237487257,0.0,0.0,0.0],"Max_Speed":[0.0,0.0,10.0,0.0],"Max_Start_Color":[1.0,1.0,1.0,1.0],"Max_Start_Rotation":[3.140000104904175,3.140000104904175,3.140000104904175,0.0],"Max_Start_Scale":[0.05000000074505806,1.0,0.0,0.0],"Max_Y_Scale_Ratio":1.2000000476837158,"Min_Life_Time":2.0,"Min_Limit_Speed":[0.0,0.0,0.0,0.0],"Min_Rotation":[0.0,-10.0,0.0,0.0],"Min_Rotation_Speed":[3.0,-5.0,1.0,0.0],"Min_Scale":[0.0,0.0,0.0,0.0],"Min_Scale_Force":[-0.0010000000474974513,0.0,0.0,0.0],"Min_Spawn_Offset_Direction":[0.0,0.0,0.0,0.0],"Min_Spawn_Offset_Range":[0.0,0.0,0.0,0.0],"Min_Spawn_Position":[0.0,1.5,0.0,0.0],"Min_Spawn_Time":0.0,"Min_Speed":[0.0,0.0,1.0,0.0],"Min_Start_Color":[1.0,1.0,1.0,1.0],"Min_Start_Rotation":[0.0,-3.140000104904175,-3.140000104904175,0.0],"Min_Start_Scale":[0.009999999776482582,1.0,0.0,0.0],"Min_Y_Scale_Ratio":0.800000011920929,"Name":"RectEffect.png","Noise_Start_UV":[0.0,0.0,0.0,0.0],"Noise_UV_Max":[1.0,1.0,0.0,0.0],"ParticleOption1":128,"ParticleOption2":82,"ParticleOption3":18,"ParticleOption4":0,"ParticleOption5":0,"ParticleOption6":3,"ParticleType":3,"Render_Group":7,"ShaderPassIndex":1,"Start_Glow_Color":[0.611764669418335,0.611764669418335,0.611764669418335,1.0],"Sync_Animation":false,"Sync_AnimationKey":32,"UV_Diffuse_Index":0,"UV_Mask_Index":1,"UV_Noise_Index":0},"1":{"Diffuse_Start_UV":[0.0,0.0,0.0,0.0],"Diffuse_UV_Max":[1.0,1.0,0.0,0.0],"Diffuse_XInverse":false,"Diffuse_YInverse":false,"Discard_Ratio":0.8999999761581421,"Follow_Transform":0,"Init_Time":0.0,"Is_Looping":false,"Mask_Start_UV":[0.0,0.0,0.0,0.0],"Mask_UV_Max":[1.0,1.0,0.0,0.0],"Max_Color":[1.0,1.0,1.0,1.0],"Max_Instance":1000,"Max_Limit_Speed":[0.0,0.0,10.0,0.0],"Max_Rotation":[5.0,10.0,1.0,0.0],"Max_Rotation_Speed":[5.0,5.0,1.0,0.0],"Max_Scale":[1.0,1.0,0.0,0.0],"Max_Scale_Force":[-0.0005000000237487257,0.0,0.0,0.0],"Max_Speed":[0.0,0.0,10.0,0.0],"Max_Start_Color":[0.7053941488265991,0.7053941488265991,0.7053941488265991,1.0],"Max_Start_Rotation":[3.140000104904175,3.140000104904175,3.140000104904175,0.0],"Max_Start_Scale":[0.05000000074505806,1.0,0.0,0.0],"Max_Y_Scale_Ratio":1.2000000476837158,"Min_Life_Time":2.0,"Min_Limit_Speed":[0.0,0.0,0.0,0.0],"Min_Rotation":[0.0,-10.0,0.0,0.0],"Min_Rotation_Speed":[3.0,-5.0,1.0,0.0],"Min_Scale":[0.0,0.0,0.0,0.0],"Min_Scale_Force":[-0.0010000000474974513,0.0,0.0,0.0],"Min_Spawn_Offset_Direction":[0.0,0.0,0.0,0.0],"Min_Spawn_Offset_Range":[0.0,0.0,0.0,0.0],"Min_Spawn_Position":[0.0,1.5,0.0,0.0],"Min_Spawn_Time":0.0,"Min_Speed":[0.0,0.0,1.0,0.0],"Min_Start_Color":[0.7053941488265991,0.7053941488265991,0.7053941488265991,1.0],"Min_Start_Rotation":[0.0,-3.140000104904175,-3.140000104904175,0.0],"Min_Start_Scale":[0.009999999776482582,1.0,0.0,0.0],"Min_Y_Scale_Ratio":0.800000011920929,"Name":"RectEffect.png","Noise_Start_UV":[0.0,0.0,0.0,0.0],"Noise_UV_Max":[1.0,1.0,0.0,0.0],"ParticleOption1":128,"ParticleOption2":82,"ParticleOption3":18,"ParticleOption4":0,"ParticleOption5":0,"ParticleOption6":3,"ParticleType":3,"Render_Group":7,"ShaderPassIndex":1,"Start_Glow_Color":[0.7178423404693604,0.7178423404693604,0.7178423404693604,1.0],"Sync_Animation":false,"Sync_AnimationKey":32,"UV_Diffuse_Index":0,"UV_Mask_Index":1,"UV_Noise_Index":0}},"EffectParticleCount":2}
