{"EffectGroupName":"Varg_RaidAttack1_GroundSweep","EffectMeshCount":0,"EffectParticle":{"0":{"Bone_Name":"weapon_r","Diffuse_Start_UV":[0.0,0.0,0.0,0.0],"Diffuse_UV_Force":[0.0,0.0,0.0,0.0],"Diffuse_UV_Max":[1.0,1.0,0.0,0.0],"Diffuse_UV_Speed":[0.0,0.0,0.0,0.0],"Diffuse_XInverse":false,"Diffuse_YInverse":false,"Discard_Ratio":0.10000000149011612,"Follow_Transform":1,"Glow_Color_Force":[0.0,0.0,0.0,0.0],"Glow_Color_Speed":[0.0,0.0,0.0,0.0],"Gravity_Force":[0.0,0.0,-1.0,0.0],"Init_Time":0.0,"Is_Bloom":true,"Is_Easing_Alpha":false,"Is_Easing_Scale":false,"Is_Glow":true,"Is_Gray_Only_Use_Red":false,"Is_Looping":false,"Is_Ratio_Scale":true,"Mask_Start_UV":[0.0,0.0,0.0,0.0],"Mask_UV_Force":[0.0,0.0,0.0,0.0],"Mask_UV_Max":[1.0,1.0,0.0,0.0],"Mask_UV_Speed":[0.0,0.0,0.0,0.0],"Max_Color":[1.0,1.0,1.0,1.0],"Max_Color_Force":[0.0,-0.04500000178813934,-0.03999999910593033,0.0],"Max_Color_Speed":[0.0,0.0,0.0,0.0],"Max_Instance":500,"Max_Limit_Speed":[20.0,0.0,0.0,0.0],"Max_Rotation":[0.0,0.0,1.0,0.0],"Max_Rotation_Speed":[0.0,0.0,-2.0,0.0],"Max_Scale":[0.5,1.0,0.0,0.0],"Max_Scale_Force":[-0.019999999552965164,0.0,0.0,0.0],"Max_Scale_Speed":[0.0,0.0,0.0,0.0],"Max_Spawn_Time":0.30000001192092896,"Max_Speed":[20.0,0.0,0.0,0.0],"Max_Speed_Force":[-1.0,0.0,0.0,0.0],"Max_Start_Color":[1.0,0.9487438201904297,0.8426966071128845,1.0],"Max_Start_Rotation":[0.0,0.0,-1.0,0.0],"Max_Start_Scale":[0.5,0.014999999664723873,0.0,0.0],"Max_Y_Scale_Ratio":0.029999999329447746,"Min_Color_Force":[0.0,-0.04500000178813934,-0.03999999910593033,0.0],"Min_Color_Speed":[0.0,0.0,0.0,0.0],"Min_Life_Time":0.5,"Min_Limit_Speed":[0.009999999776482582,0.0,0.0,0.0],"Min_Rotation":[0.0,0.0,-2.0,0.0],"Min_Rotation_Speed":[0.0,0.0,-2.0,0.0],"Min_Scale":[0.0,0.0,0.0,0.0],"Min_Scale_Force":[-0.029999999329447746,0.0,0.0,0.0],"Min_Scale_Speed":[0.0,0.0,0.0,0.0],"Min_Spawn_Offset_Direction":[0.0,0.0,0.0,0.0],"Min_Spawn_Offset_Range":[0.0,0.0,0.0,0.0],"Min_Spawn_Position":[0.0,0.8999999761581421,-2.5,0.0],"Min_Spawn_Time":0.0,"Min_Speed":[15.0,0.0,0.0,0.0],"Min_Speed_Force":[-1.5,0.0,0.0,0.0],"Min_Start_Color":[1.0,0.9487438201904297,0.8426966071128845,1.0],"Min_Start_Rotation":[0.0,-3.140000104904175,-3.0,0.0],"Min_Start_Scale":[0.10000000149011612,0.0010000000474974513,0.0,0.0],"Min_Y_Scale_Ratio":0.009999999776482582,"Name":"RectEffect.png","Noise_Start_UV":[0.0,0.0,0.0,0.0],"Noise_UV_Force":[0.0,0.0,0.0,0.0],"Noise_UV_Max":[1.0,1.0,0.0,0.0],"Noise_UV_Speed":[0.0,0.0,0.0,0.0],"ParticleOption1":138,"ParticleOption2":95,"ParticleOption3":0,"ParticleType":0,"Render_Group":7,"ShaderPassIndex":9,"Start_Glow_Color":[1.0,0.4847872853279114,0.1348314881324768,1.0],"Sync_Animation":false,"Sync_AnimationKey":22,"UV_Diffuse_Index":0,"UV_Mask_Index":1,"UV_Noise_Index":0}},"EffectParticleCount":1}
