{"EffectGroupName":"Varg_ComboAtk2_2_GroundHit","EffectMeshCount":0,"EffectParticle":{"0":{"Diffuse_Start_UV":[0.0,0.0,0.0,0.0],"Diffuse_UV_Max":[1.0,1.0,0.0,0.0],"Diffuse_XInverse":false,"Diffuse_YInverse":false,"Discard_Ratio":0.10000000149011612,"Follow_Transform":0,"Glow_Color_Force":[0.0,0.0,0.0,0.0],"Glow_Color_Speed":[0.0,0.0,0.0,0.0],"Gravity_Force":[0.0,-1.5,0.0,0.0],"Init_Time":0.0,"Is_Bloom":true,"Is_Glow":true,"Is_Looping":false,"Mask_Start_UV":[0.0,0.0,0.0,0.0],"Mask_UV_Max":[1.0,1.0,0.0,0.0],"Max_Color":[1.0,1.0,1.0,1.0],"Max_Color_Force":[0.0,-0.05000000074505806,-0.05000000074505806,0.0],"Max_Instance":300,"Max_Limit_Speed":[15.0,0.0,0.0,0.0],"Max_Scale":[0.20000000298023224,0.019999999552965164,0.0,0.0],"Max_Scale_Force":[-0.009999999776482582,0.0,0.0,0.0],"Max_Spawn_Offset_Direction":[1.0,1.0,1.0,0.0],"Max_Spawn_Offset_Range":[0.05000000074505806,0.05000000074505806,0.05000000074505806,0.0],"Max_Speed":[15.0,0.0,0.0,0.0],"Max_Speed_Force":[-0.5,0.0,0.0,0.0],"Max_Start_Color":[1.0,1.0,1.0,1.0],"Max_Start_Rotation":[0.0,3.140000104904175,3.140000104904175,0.0],"Max_Start_Scale":[0.20000000298023224,0.019999999552965164,0.0,0.0],"Min_Color_Force":[0.0,-0.05000000074505806,-0.05000000074505806,0.0],"Min_Life_Time":0.5,"Min_Limit_Speed":[0.009999999776482582,0.0,0.0,0.0],"Min_Scale":[0.0,0.0,0.0,0.0],"Min_Scale_Force":[-0.05000000074505806,0.0,0.0,0.0],"Min_Spawn_Offset_Direction":[-1.0,-1.0,-1.0,0.0],"Min_Spawn_Offset_Range":[0.0,0.0,0.0,0.0],"Min_Spawn_Position":[-1.0,0.0,3.5,0.0],"Min_Spawn_Time":0.0,"Min_Speed":[10.0,0.0,0.0,0.0],"Min_Speed_Force":[-0.75,0.0,0.0,0.0],"Min_Start_Color":[1.0,1.0,1.0,1.0],"Min_Start_Rotation":[0.0,-3.140000104904175,0.0,0.0],"Min_Start_Scale":[0.05000000074505806,0.004999999888241291,0.0,0.0],"Name":"RectEffect.png","Noise_Start_UV":[0.0,0.0,0.0,0.0],"Noise_UV_Max":[1.0,1.0,0.0,0.0],"ParticleOption1":224,"ParticleOption2":15,"ParticleOption3":16,"ParticleOption4":8,"ParticleOption5":0,"ParticleType":0,"Render_Group":7,"ShaderPassIndex":9,"Start_Glow_Color":[1.0,0.30000001192092896,0.0,1.0],"Sync_Animation":false,"Sync_AnimationKey":46,"UV_Diffuse_Index":0,"UV_Mask_Index":1,"UV_Noise_Index":0},"1":{"Diffuse_Start_UV":[0.0,0.0,0.0,0.0],"Diffuse_UV_Max":[1.0,1.0,0.0,0.0],"Diffuse_XInverse":false,"Diffuse_YInverse":false,"Discard_Ratio":0.10000000149011612,"Follow_Transform":0,"Glow_Color_Force":[0.0,0.0,0.0,0.0],"Glow_Color_Speed":[0.0,0.0,0.0,0.0],"Gravity_Force":[0.0,-1.5,0.0,0.0],"Init_Time":0.0,"Is_Bloom":true,"Is_Glow":true,"Is_Looping":false,"Mask_Start_UV":[0.0,0.0,0.0,0.0],"Mask_UV_Max":[1.0,1.0,0.0,0.0],"Max_Color":[1.0,1.0,1.0,1.0],"Max_Color_Force":[0.0,-0.05000000074505806,-0.05000000074505806,0.0],"Max_Instance":300,"Max_Limit_Speed":[15.0,0.0,0.0,0.0],"Max_Scale":[0.20000000298023224,0.019999999552965164,0.0,0.0],"Max_Scale_Force":[-0.009999999776482582,0.0,0.0,0.0],"Max_Spawn_Offset_Direction":[1.0,1.0,1.0,0.0],"Max_Spawn_Offset_Range":[0.05000000074505806,0.05000000074505806,0.05000000074505806,0.0],"Max_Speed":[15.0,0.0,0.0,0.0],"Max_Speed_Force":[-0.5,0.0,0.0,0.0],"Max_Start_Color":[1.0,1.0,1.0,1.0],"Max_Start_Rotation":[0.0,3.140000104904175,3.140000104904175,0.0],"Max_Start_Scale":[0.20000000298023224,0.019999999552965164,0.0,0.0],"Min_Color_Force":[0.0,-0.05000000074505806,-0.05000000074505806,0.0],"Min_Life_Time":0.5,"Min_Limit_Speed":[0.009999999776482582,0.0,0.0,0.0],"Min_Scale":[0.0,0.0,0.0,0.0],"Min_Scale_Force":[-0.05000000074505806,0.0,0.0,0.0],"Min_Spawn_Offset_Direction":[-1.0,-1.0,-1.0,0.0],"Min_Spawn_Offset_Range":[0.0,0.0,0.0,0.0],"Min_Spawn_Position":[-1.0,0.0,3.5,0.0],"Min_Spawn_Time":0.0,"Min_Speed":[10.0,0.0,0.0,0.0],"Min_Speed_Force":[-0.75,0.0,0.0,0.0],"Min_Start_Color":[1.0,1.0,1.0,1.0],"Min_Start_Rotation":[0.0,-3.140000104904175,0.0,0.0],"Min_Start_Scale":[0.05000000074505806,0.004999999888241291,0.0,0.0],"Name":"RectEffect.png","Noise_Start_UV":[0.0,0.0,0.0,0.0],"Noise_UV_Max":[1.0,1.0,0.0,0.0],"ParticleOption1":224,"ParticleOption2":15,"ParticleOption3":16,"ParticleOption4":8,"ParticleOption5":0,"ParticleType":0,"Render_Group":7,"ShaderPassIndex":9,"Start_Glow_Color":[1.0,0.5,0.0,1.0],"Sync_Animation":false,"Sync_AnimationKey":46,"UV_Diffuse_Index":0,"UV_Mask_Index":1,"UV_Noise_Index":0},"2":{"Diffuse_Start_UV":[0.0,0.0,0.0,0.0],"Diffuse_UV_Max":[1.0,1.0,0.0,0.0],"Diffuse_XInverse":false,"Diffuse_YInverse":false,"Discard_Ratio":0.7099999785423279,"Follow_Transform":0,"Glow_Color_Force":[0.0,0.0,0.0,0.0],"Glow_Color_Speed":[0.0,0.0,0.0,0.0],"Init_Time":0.0,"Is_Bloom":true,"Is_Glow":true,"Is_Looping":false,"Mask_Start_UV":[0.0,0.0,0.0,0.0],"Mask_UV_Max":[1.0,1.0,0.0,0.0],"Max_Color":[1.0,1.0,1.0,1.0],"Max_Instance":500,"Max_Limit_Speed":[20.0,0.0,0.0,0.0],"Max_Scale":[1.0,1.0,0.0,0.0],"Max_Scale_Force":[-0.009999999776482582,0.0,0.0,0.0],"Max_Spawn_Offset_Direction":[1.0,1.0,1.0,0.0],"Max_Spawn_Offset_Range":[0.30000001192092896,0.05000000074505806,0.0,0.0],"Max_Speed":[20.0,0.0,0.0,0.0],"Max_Speed_Force":[-0.10000000149011612,0.0,0.0,0.0],"Max_Start_Color":[1.0,1.0,1.0,1.0],"Max_Start_Rotation":[0.0,3.140000104904175,2.0,0.0],"Max_Start_Scale":[1.0,1.0,0.0,0.0],"Max_Y_Scale_Ratio":0.019999999552965164,"Min_Life_Time":1.5,"Min_Limit_Speed":[0.009999999776482582,0.0,0.0,0.0],"Min_Scale":[0.0,0.0,0.0,0.0],"Min_Scale_Force":[-0.10000000149011612,0.0,0.0,0.0],"Min_Spawn_Offset_Direction":[-1.0,-1.0,-1.0,0.0],"Min_Spawn_Offset_Range":[0.0,0.0,0.0,0.0],"Min_Spawn_Position":[-1.0,0.0,3.5,0.0],"Min_Spawn_Time":0.0,"Min_Speed":[10.0,0.0,0.0,0.0],"Min_Speed_Force":[-0.5,0.0,0.0,0.0],"Min_Start_Color":[1.0,1.0,1.0,1.0],"Min_Start_Rotation":[0.0,-3.140000104904175,1.0,0.0],"Min_Start_Scale":[0.05000000074505806,1.0,0.0,0.0],"Min_Y_Scale_Ratio":0.009999999776482582,"Name":"RectEffect.png","Noise_Start_UV":[0.0,0.0,0.0,0.0],"Noise_UV_Max":[1.0,1.0,0.0,0.0],"ParticleOption1":224,"ParticleOption2":14,"ParticleOption3":18,"ParticleOption4":0,"ParticleOption5":0,"ParticleType":0,"Render_Group":7,"ShaderPassIndex":9,"Start_Glow_Color":[1.0,1.0,1.0,1.0],"Sync_Animation":false,"Sync_AnimationKey":46,"UV_Diffuse_Index":0,"UV_Mask_Index":1,"UV_Noise_Index":0}},"EffectParticleCount":3}
