{"EffectGroupName":"Varg_AvoidAtk_GroundHit_AfterParticle","EffectMeshCount":0,"EffectParticle":{"0":{"Diffuse_Start_UV":[0.0,0.0,0.0,0.0],"Diffuse_UV_Max":[1.0,1.0,0.0,0.0],"Diffuse_XInverse":false,"Diffuse_YInverse":false,"Discard_Ratio":0.9599999785423279,"Follow_Transform":0,"Gravity_Force":[0.0,0.10000000149011612,0.0,0.0],"Init_Time":0.0,"Is_Looping":false,"Mask_Start_UV":[0.0,0.0,0.0,0.0],"Mask_UV_Max":[1.0,1.0,0.0,0.0],"Max_Color":[1.0,1.0,1.0,1.0],"Max_Instance":1000,"Max_Limit_Speed":[0.0,0.0,10.0,0.0],"Max_Rotation":[1.0,1.0,1.0,0.0],"Max_Rotation_Speed":[1.0,1.0,1.0,0.0],"Max_Scale":[1.0,1.0,0.0,0.0],"Max_Scale_Force":[-9.999999747378752e-05,-9.999999747378752e-05,0.0,0.0],"Max_Spawn_Position":[-0.5,0.0,3.799999952316284,0.0],"Max_Spawn_Time":0.05000000074505806,"Max_Speed":[0.0,0.0,10.0,0.0],"Max_Speed_Force":[0.0,0.0,-0.009999999776482582,0.0],"Max_Start_Color":[1.0,1.0,1.0,1.0],"Max_Start_Rotation":[-1.0,3.140000104904175,0.0,0.0],"Max_Start_Scale":[0.05000000074505806,0.05000000074505806,0.0,0.0],"Min_Life_Time":2.0,"Min_Limit_Speed":[0.0,0.0,0.004999999888241291,0.0],"Min_Rotation":[-1.0,-1.0,-1.0,0.0],"Min_Rotation_Speed":[-1.0,-1.0,-1.0,0.0],"Min_Scale":[0.0,0.0,0.0,0.0],"Min_Scale_Force":[-0.0010000000474974513,-0.0010000000474974513,0.0,0.0],"Min_Spawn_Offset_Direction":[0.0,0.0,0.0,0.0],"Min_Spawn_Offset_Range":[0.0,0.0,0.0,0.0],"Min_Spawn_Position":[-0.8999999761581421,0.0,1.5,0.0],"Min_Spawn_Time":0.0,"Min_Speed":[0.0,0.0,1.0,0.0],"Min_Speed_Force":[0.0,0.0,-0.10000000149011612,0.0],"Min_Start_Color":[1.0,1.0,1.0,1.0],"Min_Start_Rotation":[-3.140000104904175,-3.140000104904175,0.0,0.0],"Min_Start_Scale":[0.009999999776482582,0.009999999776482582,0.0,0.0],"Name":"RectEffect.png","Noise_Start_UV":[0.0,0.0,0.0,0.0],"Noise_UV_Max":[1.0,1.0,0.0,0.0],"ParticleOption1":146,"ParticleOption2":95,"ParticleOption3":16,"ParticleOption4":0,"ParticleOption5":0,"ParticleOption6":3,"ParticleType":3,"Render_Group":7,"ShaderPassIndex":1,"Start_Glow_Color":[1.0,1.0,1.0,0.5],"Sync_Animation":false,"Sync_AnimationKey":68,"UV_Diffuse_Index":0,"UV_Mask_Index":1,"UV_Noise_Index":0},"1":{"Diffuse_Start_UV":[0.0,0.0,0.0,0.0],"Diffuse_UV_Max":[1.0,1.0,0.0,0.0],"Diffuse_XInverse":false,"Diffuse_YInverse":false,"Discard_Ratio":0.9599999785423279,"Follow_Transform":0,"Gravity_Force":[0.0,0.10000000149011612,0.0,0.0],"Init_Time":0.0,"Is_Looping":false,"Mask_Start_UV":[0.0,0.0,0.0,0.0],"Mask_UV_Max":[1.0,1.0,0.0,0.0],"Max_Color":[1.0,1.0,1.0,1.0],"Max_Instance":1000,"Max_Limit_Speed":[0.0,0.0,10.0,0.0],"Max_Rotation":[1.0,1.0,1.0,0.0],"Max_Rotation_Speed":[1.0,1.0,1.0,0.0],"Max_Scale":[1.0,1.0,0.0,0.0],"Max_Scale_Force":[-9.999999747378752e-05,-9.999999747378752e-05,0.0,0.0],"Max_Spawn_Position":[-0.5,0.0,3.799999952316284,0.0],"Max_Spawn_Time":0.05000000074505806,"Max_Speed":[0.0,0.0,10.0,0.0],"Max_Speed_Force":[0.0,0.0,-0.009999999776482582,0.0],"Max_Start_Color":[0.6912442445755005,0.6912442445755005,0.6912442445755005,1.0],"Max_Start_Rotation":[-1.0,3.140000104904175,0.0,0.0],"Max_Start_Scale":[0.05000000074505806,0.05000000074505806,0.0,0.0],"Min_Life_Time":2.0,"Min_Limit_Speed":[0.0,0.0,0.004999999888241291,0.0],"Min_Rotation":[-1.0,-1.0,-1.0,0.0],"Min_Rotation_Speed":[-1.0,-1.0,-1.0,0.0],"Min_Scale":[0.0,0.0,0.0,0.0],"Min_Scale_Force":[-0.0010000000474974513,-0.0010000000474974513,0.0,0.0],"Min_Spawn_Offset_Direction":[0.0,0.0,0.0,0.0],"Min_Spawn_Offset_Range":[0.0,0.0,0.0,0.0],"Min_Spawn_Position":[-0.8999999761581421,0.0,1.5,0.0],"Min_Spawn_Time":0.0,"Min_Speed":[0.0,0.0,1.0,0.0],"Min_Speed_Force":[0.0,0.0,-0.10000000149011612,0.0],"Min_Start_Color":[0.6912442445755005,0.6912442445755005,0.6912442445755005,1.0],"Min_Start_Rotation":[-3.140000104904175,-3.140000104904175,0.0,0.0],"Min_Start_Scale":[0.009999999776482582,0.009999999776482582,0.0,0.0],"Name":"RectEffect.png","Noise_Start_UV":[0.0,0.0,0.0,0.0],"Noise_UV_Max":[1.0,1.0,0.0,0.0],"ParticleOption1":146,"ParticleOption2":95,"ParticleOption3":16,"ParticleOption4":0,"ParticleOption5":0,"ParticleOption6":3,"ParticleType":3,"Render_Group":7,"ShaderPassIndex":1,"Start_Glow_Color":[0.6359447240829468,0.6359447240829468,0.6359447240829468,0.5],"Sync_Animation":false,"Sync_AnimationKey":68,"UV_Diffuse_Index":0,"UV_Mask_Index":1,"UV_Noise_Index":0}},"EffectParticleCount":2}
